"id","source","line","requirement","implementation","status","evidence"
"CHECK-001","specifications/hybrid_tiktok_scanner_combined_final_max_throughput.md","1096","No hidden requests/sec cap remains","complete","COMPLETED","hybrid_backend.DEFAULTS/validate; scan_runtime.runtime_ceiling; test_hybrid_backend; test_speed_update; HYBRID_CONFIGURATION.md. Logical workers have no fixed application ceiling; explicit aggregate/backend/proxy budgets and reported OS descriptor budget remain."
"CHECK-002","specifications/hybrid_tiktok_scanner_combined_final_max_throughput.md","1097","No hidden accounts/sec cap remains","complete","COMPLETED","hybrid_backend.DEFAULTS/validate; scan_runtime.runtime_ceiling; test_hybrid_backend; test_speed_update; HYBRID_CONFIGURATION.md. Logical workers have no fixed application ceiling; explicit aggregate/backend/proxy budgets and reported OS descriptor budget remain."
"CHECK-003","specifications/hybrid_tiktok_scanner_combined_final_max_throughput.md","1098","No hidden follower/following throughput cap remains","complete","COMPLETED","hybrid_backend.DEFAULTS/validate; scan_runtime.runtime_ceiling; test_hybrid_backend; test_speed_update; HYBRID_CONFIGURATION.md. Logical workers have no fixed application ceiling; explicit aggregate/backend/proxy budgets and reported OS descriptor budget remain."
"CHECK-004","specifications/hybrid_tiktok_scanner_combined_final_max_throughput.md","1099","No hidden fixed worker ceiling remains","complete","COMPLETED","hybrid_backend.DEFAULTS/validate; scan_runtime.runtime_ceiling; test_hybrid_backend; test_speed_update; HYBRID_CONFIGURATION.md. Logical workers have no fixed application ceiling; explicit aggregate/backend/proxy budgets and reported OS descriptor budget remain."
"CHECK-005","specifications/hybrid_tiktok_scanner_combined_final_max_throughput.md","1100","Connection limits scale with or are configurable from worker count","complete","COMPLETED","hybrid_backend.DEFAULTS/validate; scan_runtime.runtime_ceiling; test_hybrid_backend; test_speed_update; HYBRID_CONFIGURATION.md. Logical workers have no fixed application ceiling; explicit aggregate/backend/proxy budgets and reported OS descriptor budget remain."
"CHECK-006","specifications/hybrid_tiktok_scanner_combined_final_max_throughput.md","1101","Connection-pool wait is measured","complete; verification in progress","FAILED","Full production-dispatcher benchmark v2, 56 scan cases, components and CPU profiles continue in 36759496281. Corrected 15-case real loopback TLS matrix completed in 36759670077. All six original/first/final real SIGINT/resume cases completed in 36760498050. Matched ratios, regressions and subsystem breakdown still require final review."
"CHECK-007","specifications/hybrid_tiktok_scanner_combined_final_max_throughput.md","1102","Network hot path is fully optimized","complete; verification in progress","FAILED","Full production-dispatcher benchmark v2, 56 scan cases, components and CPU profiles continue in 36759496281. Corrected 15-case real loopback TLS matrix completed in 36759670077. All six original/first/final real SIGINT/resume cases completed in 36760498050. Matched ratios, regressions and subsystem breakdown still require final review."
"CHECK-008","specifications/hybrid_tiktok_scanner_combined_final_max_throughput.md","1103","Parsing hot path is fully optimized","complete; verification in progress","FAILED","Full production-dispatcher benchmark v2, 56 scan cases, components and CPU profiles continue in 36759496281. Corrected 15-case real loopback TLS matrix completed in 36759670077. All six original/first/final real SIGINT/resume cases completed in 36760498050. Matched ratios, regressions and subsystem breakdown still require final review."
"CHECK-009","specifications/hybrid_tiktok_scanner_combined_final_max_throughput.md","1104","Data handling hot path is fully optimized","complete; verification in progress","FAILED","Full production-dispatcher benchmark v2, 56 scan cases, components and CPU profiles continue in 36759496281. Corrected 15-case real loopback TLS matrix completed in 36759670077. All six original/first/final real SIGINT/resume cases completed in 36760498050. Matched ratios, regressions and subsystem breakdown still require final review."
"CHECK-010","specifications/hybrid_tiktok_scanner_combined_final_max_throughput.md","1105","Database/state writing is fully optimized","complete; verification in progress","FAILED","Full production-dispatcher benchmark v2, 56 scan cases, components and CPU profiles continue in 36759496281. Corrected 15-case real loopback TLS matrix completed in 36759670077. All six original/first/final real SIGINT/resume cases completed in 36760498050. Matched ratios, regressions and subsystem breakdown still require final review."
"CHECK-011","specifications/hybrid_tiktok_scanner_combined_final_max_throughput.md","1106","Logging/printing is non-blocking or efficiently buffered","complete","COMPLETED","RunLog buffered writer; ScanStatistics rolling buckets; BackendMetrics incremental per-backend/per-proxy counters and bounded latency sample; test_optimization.MetricsTests and test_hybrid_audit. Detailed errors are retained; console updates do not serialize each network request."
"CHECK-012","specifications/hybrid_tiktok_scanner_combined_final_max_throughput.md","1107","Statistics remain fast under very large scans","complete; verification in progress","FAILED","Full production-dispatcher benchmark v2, 56 scan cases, components and CPU profiles continue in 36759496281. Corrected 15-case real loopback TLS matrix completed in 36759670077. All six original/first/final real SIGINT/resume cases completed in 36760498050. Matched ratios, regressions and subsystem breakdown still require final review."
"CHECK-013","specifications/hybrid_tiktok_scanner_combined_final_max_throughput.md","1108","Async workers are not wasted on timers/cooldowns","complete","COMPLETED","rate_limit_control.RateLimitController; test_rate_limit_control covers 150 queued/2500 active Worker requests, both list directions, central Direct cooldown/probe/ramp, repeated-429 stop and full durable resume. test_hybrid_audit covers bootstrap/main boundaries and independent Worker progress."
"CHECK-014","specifications/hybrid_tiktok_scanner_combined_final_max_throughput.md","1109","Actual bottlenecks are measured and documented","complete; verification in progress","FAILED","Full production-dispatcher benchmark v2, 56 scan cases, components and CPU profiles continue in 36759496281. Corrected 15-case real loopback TLS matrix completed in 36759670077. All six original/first/final real SIGINT/resume cases completed in 36760498050. Matched ratios, regressions and subsystem breakdown still require final review."
"CHECK-015","specifications/hybrid_tiktok_scanner_combined_final_max_throughput.md","1110","Final throughput is limited by real system/backend constraints rather than arbitrary code limits","complete; verification in progress","FAILED","Full production-dispatcher benchmark v2, 56 scan cases, components and CPU profiles continue in 36759496281. Corrected 15-case real loopback TLS matrix completed in 36759670077. All six original/first/final real SIGINT/resume cases completed in 36760498050. Matched ratios, regressions and subsystem breakdown still require final review."
"CHECK-016","specifications/hybrid_tiktok_scanner_combined_final_max_throughput.md","1121","Previous prompt fully completed","implemented; live verification unavailable","BLOCKED BY ENVIRONMENT","No supplied authorized account set, Direct identity/session/proxy pool or maintainer-configured upstream deployment for live verification. LIVE_VERIFICATION.md gives exact setup/test procedure. No production throughput or largest reliable page size claimed."
"CHECK-017","specifications/hybrid_tiktok_scanner_combined_final_max_throughput.md","1122","Previous uploaded .MD fully completed","implemented; live verification unavailable","BLOCKED BY ENVIRONMENT","No supplied authorized account set, Direct identity/session/proxy pool or maintainer-configured upstream deployment for live verification. LIVE_VERIFICATION.md gives exact setup/test procedure. No production throughput or largest reliable page size claimed."
"CHECK-018","specifications/hybrid_tiktok_scanner_combined_final_max_throughput.md","1123","Original Evil0ctal repository baseline tested before modification","complete","COMPLETED","hybrid_baseline/baseline_evil_tests.json, baseline_evil_benchmark.json and immutable source archive preserve original pre-integration results. ci_verified_20260930.json: 2529 unit/replay and 528 integration passes on unmodified 737bf3d. Historical setup/DNS failures remain separate. Full live/service throughput metrics are unavailable and explicitly null in baseline_evil_benchmark.json; the measured offline component baseline is not a replacement for them."
"CHECK-019","specifications/hybrid_tiktok_scanner_combined_final_max_throughput.md","1124","Exact Evil0ctal commit/version recorded","complete","COMPLETED","hybrid_baseline/baseline_evil_tests.json, baseline_evil_benchmark.json and immutable source archive preserve original pre-integration results. ci_verified_20260930.json: 2529 unit/replay and 528 integration passes on unmodified 737bf3d. Historical setup/DNS failures remain separate. Full live/service throughput metrics are unavailable and explicitly null in baseline_evil_benchmark.json; the measured offline component baseline is not a replacement for them."
"CHECK-020","specifications/hybrid_tiktok_scanner_combined_final_max_throughput.md","1125","Original Evil0ctal unit tests run","complete","COMPLETED","hybrid_baseline/baseline_evil_tests.json, baseline_evil_benchmark.json and immutable source archive preserve original pre-integration results. ci_verified_20260930.json: 2529 unit/replay and 528 integration passes on unmodified 737bf3d. Historical setup/DNS failures remain separate. Full live/service throughput metrics are unavailable and explicitly null in baseline_evil_benchmark.json; the measured offline component baseline is not a replacement for them."
"CHECK-021","specifications/hybrid_tiktok_scanner_combined_final_max_throughput.md","1126","Original Evil0ctal integration tests run where available","complete","COMPLETED","hybrid_baseline/baseline_evil_tests.json, baseline_evil_benchmark.json and immutable source archive preserve original pre-integration results. ci_verified_20260930.json: 2529 unit/replay and 528 integration passes on unmodified 737bf3d. Historical setup/DNS failures remain separate. Full live/service throughput metrics are unavailable and explicitly null in baseline_evil_benchmark.json; the measured offline component baseline is not a replacement for them."
"CHECK-022","specifications/hybrid_tiktok_scanner_combined_final_max_throughput.md","1127","Original Evil0ctal TikTok/parser/scheduler tests run","complete","COMPLETED","hybrid_baseline/baseline_evil_tests.json, baseline_evil_benchmark.json and immutable source archive preserve original pre-integration results. ci_verified_20260930.json: 2529 unit/replay and 528 integration passes on unmodified 737bf3d. Historical setup/DNS failures remain separate. Full live/service throughput metrics are unavailable and explicitly null in baseline_evil_benchmark.json; the measured offline component baseline is not a replacement for them."
"CHECK-023","specifications/hybrid_tiktok_scanner_combined_final_max_throughput.md","1128","Pre-existing Evil0ctal failures documented separately","complete","COMPLETED","hybrid_baseline/baseline_evil_tests.json, baseline_evil_benchmark.json and immutable source archive preserve original pre-integration results. ci_verified_20260930.json: 2529 unit/replay and 528 integration passes on unmodified 737bf3d. Historical setup/DNS failures remain separate. Full live/service throughput metrics are unavailable and explicitly null in baseline_evil_benchmark.json; the measured offline component baseline is not a replacement for them."
"CHECK-024","specifications/hybrid_tiktok_scanner_combined_final_max_throughput.md","1129","Environment/network limitations documented honestly","complete","COMPLETED","hybrid_baseline/baseline_evil_tests.json, baseline_evil_benchmark.json and immutable source archive preserve original pre-integration results. ci_verified_20260930.json: 2529 unit/replay and 528 integration passes on unmodified 737bf3d. Historical setup/DNS failures remain separate. Full live/service throughput metrics are unavailable and explicitly null in baseline_evil_benchmark.json; the measured offline component baseline is not a replacement for them."
"CHECK-025","specifications/hybrid_tiktok_scanner_combined_final_max_throughput.md","1130","Baseline Evil0ctal benchmark saved","complete","COMPLETED","hybrid_baseline/baseline_evil_tests.json, baseline_evil_benchmark.json and immutable source archive preserve original pre-integration results. ci_verified_20260930.json: 2529 unit/replay and 528 integration passes on unmodified 737bf3d. Historical setup/DNS failures remain separate. Full live/service throughput metrics are unavailable and explicitly null in baseline_evil_benchmark.json; the measured offline component baseline is not a replacement for them."
"CHECK-026","specifications/hybrid_tiktok_scanner_combined_final_max_throughput.md","1132","TikTok profile lookup verified","complete","COMPLETED","direct_protocol normalization and Session; test_hybrid_backend.ProtocolTests, test_async_scanner.ConfigTests, test_latest_requirements. Deterministic fixtures verify data/cursors/UIDs/privacy, not live service compatibility; LIVE_VERIFICATION.md tracks that separate blocker."
"CHECK-027","specifications/hybrid_tiktok_scanner_combined_final_max_throughput.md","1133","TikTok followers verified","complete","COMPLETED","direct_protocol normalization and Session; test_hybrid_backend.ProtocolTests, test_async_scanner.ConfigTests, test_latest_requirements. Deterministic fixtures verify data/cursors/UIDs/privacy, not live service compatibility; LIVE_VERIFICATION.md tracks that separate blocker."
"CHECK-028","specifications/hybrid_tiktok_scanner_combined_final_max_throughput.md","1134","TikTok following verified","complete","COMPLETED","direct_protocol normalization and Session; test_hybrid_backend.ProtocolTests, test_async_scanner.ConfigTests, test_latest_requirements. Deterministic fixtures verify data/cursors/UIDs/privacy, not live service compatibility; LIVE_VERIFICATION.md tracks that separate blocker."
"CHECK-029","specifications/hybrid_tiktok_scanner_combined_final_max_throughput.md","1135","secUid handling verified","complete","COMPLETED","direct_protocol normalization and Session; test_hybrid_backend.ProtocolTests, test_async_scanner.ConfigTests, test_latest_requirements. Deterministic fixtures verify data/cursors/UIDs/privacy, not live service compatibility; LIVE_VERIFICATION.md tracks that separate blocker."
"CHECK-030","specifications/hybrid_tiktok_scanner_combined_final_max_throughput.md","1136","numeric uid handling verified","complete","COMPLETED","direct_protocol normalization and Session; test_hybrid_backend.ProtocolTests, test_async_scanner.ConfigTests, test_latest_requirements. Deterministic fixtures verify data/cursors/UIDs/privacy, not live service compatibility; LIVE_VERIFICATION.md tracks that separate blocker."
"CHECK-031","specifications/hybrid_tiktok_scanner_combined_final_max_throughput.md","1137","cursor/minCursor handling verified","complete","COMPLETED","direct_protocol normalization and Session; test_hybrid_backend.ProtocolTests, test_async_scanner.ConfigTests, test_latest_requirements. Deterministic fixtures verify data/cursors/UIDs/privacy, not live service compatibility; LIVE_VERIFICATION.md tracks that separate blocker."
"CHECK-032","specifications/hybrid_tiktok_scanner_combined_final_max_throughput.md","1138","hasMore handling verified","complete","COMPLETED","direct_protocol normalization and Session; test_hybrid_backend.ProtocolTests, test_async_scanner.ConfigTests, test_latest_requirements. Deterministic fixtures verify data/cursors/UIDs/privacy, not live service compatibility; LIVE_VERIFICATION.md tracks that separate blocker."
"CHECK-033","specifications/hybrid_tiktok_scanner_combined_final_max_throughput.md","1139","multi-page pagination verified","complete","COMPLETED","direct_protocol normalization and Session; test_hybrid_backend.ProtocolTests, test_async_scanner.ConfigTests, test_latest_requirements. Deterministic fixtures verify data/cursors/UIDs/privacy, not live service compatibility; LIVE_VERIFICATION.md tracks that separate blocker."
"CHECK-034","specifications/hybrid_tiktok_scanner_combined_final_max_throughput.md","1140","no duplicate users across pagination","complete","COMPLETED","direct_protocol normalization and Session; test_hybrid_backend.ProtocolTests, test_async_scanner.ConfigTests, test_latest_requirements. Deterministic fixtures verify data/cursors/UIDs/privacy, not live service compatibility; LIVE_VERIFICATION.md tracks that separate blocker."
"CHECK-035","specifications/hybrid_tiktok_scanner_combined_final_max_throughput.md","1141","no skipped users caused by pagination","complete","COMPLETED","direct_protocol normalization and Session; test_hybrid_backend.ProtocolTests, test_async_scanner.ConfigTests, test_latest_requirements. Deterministic fixtures verify data/cursors/UIDs/privacy, not live service compatibility; LIVE_VERIFICATION.md tracks that separate blocker."
"CHECK-036","specifications/hybrid_tiktok_scanner_combined_final_max_throughput.md","1142","avatar parsing verified","complete","COMPLETED","direct_protocol normalization and Session; test_hybrid_backend.ProtocolTests, test_async_scanner.ConfigTests, test_latest_requirements. Deterministic fixtures verify data/cursors/UIDs/privacy, not live service compatibility; LIVE_VERIFICATION.md tracks that separate blocker."
"CHECK-037","specifications/hybrid_tiktok_scanner_combined_final_max_throughput.md","1143","verified status handling verified","complete","COMPLETED","direct_protocol normalization and Session; test_hybrid_backend.ProtocolTests, test_async_scanner.ConfigTests, test_latest_requirements. Deterministic fixtures verify data/cursors/UIDs/privacy, not live service compatibility; LIVE_VERIFICATION.md tracks that separate blocker."
"CHECK-038","specifications/hybrid_tiktok_scanner_combined_final_max_throughput.md","1144","private/public status handling verified where available","complete","COMPLETED","direct_protocol normalization and Session; test_hybrid_backend.ProtocolTests, test_async_scanner.ConfigTests, test_latest_requirements. Deterministic fixtures verify data/cursors/UIDs/privacy, not live service compatibility; LIVE_VERIFICATION.md tracks that separate blocker."
"CHECK-039","specifications/hybrid_tiktok_scanner_combined_final_max_throughput.md","1146","Worker-only backend works","complete","COMPLETED","HybridClient.choose/lookup_profile/prepare_chain/fetch_chain_page; BackendMetrics.score; BackendGate.observe. test_hybrid_backend, test_hybrid_review, test_hybrid_audit. Cursor ownership survives resume; incompatible chain restarts at 0 and deduplicates."
"CHECK-040","specifications/hybrid_tiktok_scanner_combined_final_max_throughput.md","1147","Direct-only backend works","complete","COMPLETED","HybridClient.choose/lookup_profile/prepare_chain/fetch_chain_page; BackendMetrics.score; BackendGate.observe. test_hybrid_backend, test_hybrid_review, test_hybrid_audit. Cursor ownership survives resume; incompatible chain restarts at 0 and deduplicates."
"CHECK-041","specifications/hybrid_tiktok_scanner_combined_final_max_throughput.md","1148","Hybrid backend works","complete","COMPLETED","HybridClient.choose/lookup_profile/prepare_chain/fetch_chain_page; BackendMetrics.score; BackendGate.observe. test_hybrid_backend, test_hybrid_review, test_hybrid_audit. Cursor ownership survives resume; incompatible chain restarts at 0 and deduplicates."
"CHECK-042","specifications/hybrid_tiktok_scanner_combined_final_max_throughput.md","1149","Dynamic backend routing works","complete","COMPLETED","HybridClient.choose/lookup_profile/prepare_chain/fetch_chain_page; BackendMetrics.score; BackendGate.observe. test_hybrid_backend, test_hybrid_review, test_hybrid_audit. Cursor ownership survives resume; incompatible chain restarts at 0 and deduplicates."
"CHECK-043","specifications/hybrid_tiktok_scanner_combined_final_max_throughput.md","1150","Backend scoring works","complete","COMPLETED","HybridClient.choose/lookup_profile/prepare_chain/fetch_chain_page; BackendMetrics.score; BackendGate.observe. test_hybrid_backend, test_hybrid_review, test_hybrid_audit. Cursor ownership survives resume; incompatible chain restarts at 0 and deduplicates."
"CHECK-044","specifications/hybrid_tiktok_scanner_combined_final_max_throughput.md","1151","Backend assignment is concurrency-safe","complete","COMPLETED","HybridClient.choose/lookup_profile/prepare_chain/fetch_chain_page; BackendMetrics.score; BackendGate.observe. test_hybrid_backend, test_hybrid_review, test_hybrid_audit. Cursor ownership survives resume; incompatible chain restarts at 0 and deduplicates."
"CHECK-045","specifications/hybrid_tiktok_scanner_combined_final_max_throughput.md","1152","Cursor-chain ownership works","complete","COMPLETED","HybridClient.choose/lookup_profile/prepare_chain/fetch_chain_page; BackendMetrics.score; BackendGate.observe. test_hybrid_backend, test_hybrid_review, test_hybrid_audit. Cursor ownership survives resume; incompatible chain restarts at 0 and deduplicates."
"CHECK-046","specifications/hybrid_tiktok_scanner_combined_final_max_throughput.md","1153","Cursor failover works safely","complete","COMPLETED","HybridClient.choose/lookup_profile/prepare_chain/fetch_chain_page; BackendMetrics.score; BackendGate.observe. test_hybrid_backend, test_hybrid_review, test_hybrid_audit. Cursor ownership survives resume; incompatible chain restarts at 0 and deduplicates."
"CHECK-047","specifications/hybrid_tiktok_scanner_combined_final_max_throughput.md","1154","Incompatible cursor fallback/restart works","complete","COMPLETED","HybridClient.choose/lookup_profile/prepare_chain/fetch_chain_page; BackendMetrics.score; BackendGate.observe. test_hybrid_backend, test_hybrid_review, test_hybrid_audit. Cursor ownership survives resume; incompatible chain restarts at 0 and deduplicates."
"CHECK-048","specifications/hybrid_tiktok_scanner_combined_final_max_throughput.md","1155","Restarted chains deduplicate correctly","complete","COMPLETED","HybridClient.choose/lookup_profile/prepare_chain/fetch_chain_page; BackendMetrics.score; BackendGate.observe. test_hybrid_backend, test_hybrid_review, test_hybrid_audit. Cursor ownership survives resume; incompatible chain restarts at 0 and deduplicates."
"CHECK-049","specifications/hybrid_tiktok_scanner_combined_final_max_throughput.md","1157","FindTik first HTTP 429 immediately disables FindTik for current scan","complete","COMPLETED","rate_limit_control.RateLimitController; test_rate_limit_control covers 150 queued/2500 active Worker requests, both list directions, central Direct cooldown/probe/ramp, repeated-429 stop and full durable resume. test_hybrid_audit covers bootstrap/main boundaries and independent Worker progress."
"CHECK-050","specifications/hybrid_tiktok_scanner_combined_final_max_throughput.md","1158","No new FindTik requests start after FindTik is disabled","complete","COMPLETED","rate_limit_control.RateLimitController; test_rate_limit_control covers 150 queued/2500 active Worker requests, both list directions, central Direct cooldown/probe/ramp, repeated-429 stop and full durable resume. test_hybrid_audit covers bootstrap/main boundaries and independent Worker progress."
"CHECK-051","specifications/hybrid_tiktok_scanner_combined_final_max_throughput.md","1159","Queued FindTik requests are cancelled/migrated safely","complete","COMPLETED","rate_limit_control.RateLimitController; test_rate_limit_control covers 150 queued/2500 active Worker requests, both list directions, central Direct cooldown/probe/ramp, repeated-429 stop and full durable resume. test_hybrid_audit covers bootstrap/main boundaries and independent Worker progress."
"CHECK-052","specifications/hybrid_tiktok_scanner_combined_final_max_throughput.md","1160","Direct backend continues after FindTik 429","complete","COMPLETED","rate_limit_control.RateLimitController; test_rate_limit_control covers 150 queued/2500 active Worker requests, both list directions, central Direct cooldown/probe/ramp, repeated-429 stop and full durable resume. test_hybrid_audit covers bootstrap/main boundaries and independent Worker progress."
"CHECK-053","specifications/hybrid_tiktok_scanner_combined_final_max_throughput.md","1161","FindTik jobs are migrated to Direct where compatible","complete","COMPLETED","rate_limit_control.RateLimitController; test_rate_limit_control covers 150 queued/2500 active Worker requests, both list directions, central Direct cooldown/probe/ramp, repeated-429 stop and full durable resume. test_hybrid_audit covers bootstrap/main boundaries and independent Worker progress."
"CHECK-054","specifications/hybrid_tiktok_scanner_combined_final_max_throughput.md","1162","FindTik stays disabled for remainder of current scan","complete","COMPLETED","rate_limit_control.RateLimitController; test_rate_limit_control covers 150 queued/2500 active Worker requests, both list directions, central Direct cooldown/probe/ramp, repeated-429 stop and full durable resume. test_hybrid_audit covers bootstrap/main boundaries and independent Worker progress."
"CHECK-055","specifications/hybrid_tiktok_scanner_combined_final_max_throughput.md","1164","Direct HTTP 429 immediately pauses Direct traffic","complete","COMPLETED","rate_limit_control.RateLimitController; test_rate_limit_control covers 150 queued/2500 active Worker requests, both list directions, central Direct cooldown/probe/ramp, repeated-429 stop and full durable resume. test_hybrid_audit covers bootstrap/main boundaries and independent Worker progress."
"CHECK-056","specifications/hybrid_tiktok_scanner_combined_final_max_throughput.md","1165","Direct cooldown works","complete","COMPLETED","rate_limit_control.RateLimitController; test_rate_limit_control covers 150 queued/2500 active Worker requests, both list directions, central Direct cooldown/probe/ramp, repeated-429 stop and full durable resume. test_hybrid_audit covers bootstrap/main boundaries and independent Worker progress."
"CHECK-057","specifications/hybrid_tiktok_scanner_combined_final_max_throughput.md","1166","Retry-After is respected when available","complete","COMPLETED","rate_limit_control.RateLimitController; test_rate_limit_control covers 150 queued/2500 active Worker requests, both list directions, central Direct cooldown/probe/ramp, repeated-429 stop and full durable resume. test_hybrid_audit covers bootstrap/main boundaries and independent Worker progress."
"CHECK-058","specifications/hybrid_tiktok_scanner_combined_final_max_throughput.md","1167","Direct cooldown does not occupy thousands of workers","complete","COMPLETED","rate_limit_control.RateLimitController; test_rate_limit_control covers 150 queued/2500 active Worker requests, both list directions, central Direct cooldown/probe/ramp, repeated-429 stop and full durable resume. test_hybrid_audit covers bootstrap/main boundaries and independent Worker progress."
"CHECK-059","specifications/hybrid_tiktok_scanner_combined_final_max_throughput.md","1168","Direct recovery probe works","complete","COMPLETED","rate_limit_control.RateLimitController; test_rate_limit_control covers 150 queued/2500 active Worker requests, both list directions, central Direct cooldown/probe/ramp, repeated-429 stop and full durable resume. test_hybrid_audit covers bootstrap/main boundaries and independent Worker progress."
"CHECK-060","specifications/hybrid_tiktok_scanner_combined_final_max_throughput.md","1169","Direct successful recovery resumes scan gradually","complete","COMPLETED","rate_limit_control.RateLimitController; test_rate_limit_control covers 150 queued/2500 active Worker requests, both list directions, central Direct cooldown/probe/ramp, repeated-429 stop and full durable resume. test_hybrid_audit covers bootstrap/main boundaries and independent Worker progress."
"CHECK-061","specifications/hybrid_tiktok_scanner_combined_final_max_throughput.md","1170","Direct second 429 after cooldown triggers graceful scanner shutdown","complete","COMPLETED","rate_limit_control.RateLimitController; test_rate_limit_control covers 150 queued/2500 active Worker requests, both list directions, central Direct cooldown/probe/ramp, repeated-429 stop and full durable resume. test_hybrid_audit covers bootstrap/main boundaries and independent Worker progress."
"CHECK-062","specifications/hybrid_tiktok_scanner_combined_final_max_throughput.md","1171","All state is saved before shutdown","complete","COMPLETED","rate_limit_control.RateLimitController; test_rate_limit_control covers 150 queued/2500 active Worker requests, both list directions, central Direct cooldown/probe/ramp, repeated-429 stop and full durable resume. test_hybrid_audit covers bootstrap/main boundaries and independent Worker progress."
"CHECK-063","specifications/hybrid_tiktok_scanner_combined_final_max_throughput.md","1172","Resume after rate-limit shutdown works correctly","complete","COMPLETED","rate_limit_control.RateLimitController; test_rate_limit_control covers 150 queued/2500 active Worker requests, both list directions, central Direct cooldown/probe/ramp, repeated-429 stop and full durable resume. test_hybrid_audit covers bootstrap/main boundaries and independent Worker progress."
"CHECK-064","specifications/hybrid_tiktok_scanner_combined_final_max_throughput.md","1174","100-worker test completed","complete; verification in progress","FAILED","Full production-dispatcher benchmark v2, 56 scan cases, components and CPU profiles continue in 36759496281. Corrected 15-case real loopback TLS matrix completed in 36759670077. All six original/first/final real SIGINT/resume cases completed in 36760498050. Matched ratios, regressions and subsystem breakdown still require final review."
"CHECK-065","specifications/hybrid_tiktok_scanner_combined_final_max_throughput.md","1175","500-worker test completed","complete; verification in progress","FAILED","Full production-dispatcher benchmark v2, 56 scan cases, components and CPU profiles continue in 36759496281. Corrected 15-case real loopback TLS matrix completed in 36759670077. All six original/first/final real SIGINT/resume cases completed in 36760498050. Matched ratios, regressions and subsystem breakdown still require final review."
"CHECK-066","specifications/hybrid_tiktok_scanner_combined_final_max_throughput.md","1176","1000-worker test completed","complete; verification in progress","FAILED","Full production-dispatcher benchmark v2, 56 scan cases, components and CPU profiles continue in 36759496281. Corrected 15-case real loopback TLS matrix completed in 36759670077. All six original/first/final real SIGINT/resume cases completed in 36760498050. Matched ratios, regressions and subsystem breakdown still require final review."
"CHECK-067","specifications/hybrid_tiktok_scanner_combined_final_max_throughput.md","1177","2500-worker test completed","complete; verification in progress","FAILED","Full production-dispatcher benchmark v2, 56 scan cases, components and CPU profiles continue in 36759496281. Corrected 15-case real loopback TLS matrix completed in 36759670077. All six original/first/final real SIGINT/resume cases completed in 36760498050. Matched ratios, regressions and subsystem breakdown still require final review."
"CHECK-068","specifications/hybrid_tiktok_scanner_combined_final_max_throughput.md","1178","5000-worker test completed","complete; verification in progress","FAILED","Full production-dispatcher benchmark v2, 56 scan cases, components and CPU profiles continue in 36759496281. Corrected 15-case real loopback TLS matrix completed in 36759670077. All six original/first/final real SIGINT/resume cases completed in 36760498050. Matched ratios, regressions and subsystem breakdown still require final review."
"CHECK-069","specifications/hybrid_tiktok_scanner_combined_final_max_throughput.md","1180","10,000-follower benchmark completed where environment permits","complete; verification in progress","FAILED","Full production-dispatcher benchmark v2, 56 scan cases, components and CPU profiles continue in 36759496281. Corrected 15-case real loopback TLS matrix completed in 36759670077. All six original/first/final real SIGINT/resume cases completed in 36760498050. Matched ratios, regressions and subsystem breakdown still require final review."
"CHECK-070","specifications/hybrid_tiktok_scanner_combined_final_max_throughput.md","1181","Worker-only 10k test measured","complete; verification in progress","FAILED","Full production-dispatcher benchmark v2, 56 scan cases, components and CPU profiles continue in 36759496281. Corrected 15-case real loopback TLS matrix completed in 36759670077. All six original/first/final real SIGINT/resume cases completed in 36760498050. Matched ratios, regressions and subsystem breakdown still require final review."
"CHECK-071","specifications/hybrid_tiktok_scanner_combined_final_max_throughput.md","1182","Direct-only 10k test measured","complete; verification in progress","FAILED","Full production-dispatcher benchmark v2, 56 scan cases, components and CPU profiles continue in 36759496281. Corrected 15-case real loopback TLS matrix completed in 36759670077. All six original/first/final real SIGINT/resume cases completed in 36760498050. Matched ratios, regressions and subsystem breakdown still require final review."
"CHECK-072","specifications/hybrid_tiktok_scanner_combined_final_max_throughput.md","1183","Hybrid 10k test measured","complete; verification in progress","FAILED","Full production-dispatcher benchmark v2, 56 scan cases, components and CPU profiles continue in 36759496281. Corrected 15-case real loopback TLS matrix completed in 36759670077. All six original/first/final real SIGINT/resume cases completed in 36760498050. Matched ratios, regressions and subsystem breakdown still require final review."
"CHECK-073","specifications/hybrid_tiktok_scanner_combined_final_max_throughput.md","1184","Requests/page measured","complete; verification in progress","FAILED","Full production-dispatcher benchmark v2, 56 scan cases, components and CPU profiles continue in 36759496281. Corrected 15-case real loopback TLS matrix completed in 36759670077. All six original/first/final real SIGINT/resume cases completed in 36760498050. Matched ratios, regressions and subsystem breakdown still require final review."
"CHECK-074","specifications/hybrid_tiktok_scanner_combined_final_max_throughput.md","1185","Followers/sec measured","complete; verification in progress","FAILED","Full production-dispatcher benchmark v2, 56 scan cases, components and CPU profiles continue in 36759496281. Corrected 15-case real loopback TLS matrix completed in 36759670077. All six original/first/final real SIGINT/resume cases completed in 36760498050. Matched ratios, regressions and subsystem breakdown still require final review."
"CHECK-075","specifications/hybrid_tiktok_scanner_combined_final_max_throughput.md","1186","Successful RPS measured","complete; verification in progress","FAILED","Full production-dispatcher benchmark v2, 56 scan cases, components and CPU profiles continue in 36759496281. Corrected 15-case real loopback TLS matrix completed in 36759670077. All six original/first/final real SIGINT/resume cases completed in 36760498050. Matched ratios, regressions and subsystem breakdown still require final review."
"CHECK-076","specifications/hybrid_tiktok_scanner_combined_final_max_throughput.md","1187","Completion time measured","complete; verification in progress","FAILED","Full production-dispatcher benchmark v2, 56 scan cases, components and CPU profiles continue in 36759496281. Corrected 15-case real loopback TLS matrix completed in 36759670077. All six original/first/final real SIGINT/resume cases completed in 36760498050. Matched ratios, regressions and subsystem breakdown still require final review."
"CHECK-077","specifications/hybrid_tiktok_scanner_combined_final_max_throughput.md","1189","100-account stress test completed","complete; verification in progress","FAILED","Full production-dispatcher benchmark v2, 56 scan cases, components and CPU profiles continue in 36759496281. Corrected 15-case real loopback TLS matrix completed in 36759670077. All six original/first/final real SIGINT/resume cases completed in 36760498050. Matched ratios, regressions and subsystem breakdown still require final review."
"CHECK-078","specifications/hybrid_tiktok_scanner_combined_final_max_throughput.md","1190","1,000-account stress test completed where practical","complete; verification in progress","FAILED","Full production-dispatcher benchmark v2, 56 scan cases, components and CPU profiles continue in 36759496281. Corrected 15-case real loopback TLS matrix completed in 36759670077. All six original/first/final real SIGINT/resume cases completed in 36760498050. Matched ratios, regressions and subsystem breakdown still require final review."
"CHECK-079","specifications/hybrid_tiktok_scanner_combined_final_max_throughput.md","1191","10,000-account stress test completed where practical","complete; verification in progress","FAILED","Full production-dispatcher benchmark v2, 56 scan cases, components and CPU profiles continue in 36759496281. Corrected 15-case real loopback TLS matrix completed in 36759670077. All six original/first/final real SIGINT/resume cases completed in 36760498050. Matched ratios, regressions and subsystem breakdown still require final review."
"CHECK-080","specifications/hybrid_tiktok_scanner_combined_final_max_throughput.md","1192","Slow proxy test completed","complete","COMPLETED","test_async_scanner, test_hybrid_backend, test_speed_update.OwnershipTests, test_proxy_wire and test_rate_limit_control. Deterministic 5xx, timeout, TLS/DNS/disconnect, dead/auth/slow proxy, captcha/empty response, private/invalid account, retries, SIGINT and durable restart checks."
"CHECK-081","specifications/hybrid_tiktok_scanner_combined_final_max_throughput.md","1193","Dead proxy test completed","complete","COMPLETED","test_async_scanner, test_hybrid_backend, test_speed_update.OwnershipTests, test_proxy_wire and test_rate_limit_control. Deterministic 5xx, timeout, TLS/DNS/disconnect, dead/auth/slow proxy, captcha/empty response, private/invalid account, retries, SIGINT and durable restart checks."
"CHECK-082","specifications/hybrid_tiktok_scanner_combined_final_max_throughput.md","1194","TLS failure test completed","complete","COMPLETED","test_async_scanner, test_hybrid_backend, test_speed_update.OwnershipTests, test_proxy_wire and test_rate_limit_control. Deterministic 5xx, timeout, TLS/DNS/disconnect, dead/auth/slow proxy, captcha/empty response, private/invalid account, retries, SIGINT and durable restart checks."
"CHECK-083","specifications/hybrid_tiktok_scanner_combined_final_max_throughput.md","1195","Timeout test completed","complete","COMPLETED","test_async_scanner, test_hybrid_backend, test_speed_update.OwnershipTests, test_proxy_wire and test_rate_limit_control. Deterministic 5xx, timeout, TLS/DNS/disconnect, dead/auth/slow proxy, captcha/empty response, private/invalid account, retries, SIGINT and durable restart checks."
"CHECK-084","specifications/hybrid_tiktok_scanner_combined_final_max_throughput.md","1196","HTTP 5xx test completed","complete","COMPLETED","test_async_scanner, test_hybrid_backend, test_speed_update.OwnershipTests, test_proxy_wire and test_rate_limit_control. Deterministic 5xx, timeout, TLS/DNS/disconnect, dead/auth/slow proxy, captcha/empty response, private/invalid account, retries, SIGINT and durable restart checks."
"CHECK-085","specifications/hybrid_tiktok_scanner_combined_final_max_throughput.md","1197","HTTP 429 test completed","complete","COMPLETED","test_async_scanner, test_hybrid_backend, test_speed_update.OwnershipTests, test_proxy_wire and test_rate_limit_control. Deterministic 5xx, timeout, TLS/DNS/disconnect, dead/auth/slow proxy, captcha/empty response, private/invalid account, retries, SIGINT and durable restart checks."
"CHECK-086","specifications/hybrid_tiktok_scanner_combined_final_max_throughput.md","1198","TikTok risk-control test completed","complete","COMPLETED","test_async_scanner, test_hybrid_backend, test_speed_update.OwnershipTests, test_proxy_wire and test_rate_limit_control. Deterministic 5xx, timeout, TLS/DNS/disconnect, dead/auth/slow proxy, captcha/empty response, private/invalid account, retries, SIGINT and durable restart checks."
"CHECK-087","specifications/hybrid_tiktok_scanner_combined_final_max_throughput.md","1199","Private account test completed","complete","COMPLETED","test_async_scanner, test_hybrid_backend, test_speed_update.OwnershipTests, test_proxy_wire and test_rate_limit_control. Deterministic 5xx, timeout, TLS/DNS/disconnect, dead/auth/slow proxy, captcha/empty response, private/invalid account, retries, SIGINT and durable restart checks."
"CHECK-088","specifications/hybrid_tiktok_scanner_combined_final_max_throughput.md","1200","Deleted/invalid account test completed","complete","COMPLETED","test_async_scanner, test_hybrid_backend, test_speed_update.OwnershipTests, test_proxy_wire and test_rate_limit_control. Deterministic 5xx, timeout, TLS/DNS/disconnect, dead/auth/slow proxy, captcha/empty response, private/invalid account, retries, SIGINT and durable restart checks."
"CHECK-089","specifications/hybrid_tiktok_scanner_combined_final_max_throughput.md","1201","Ctrl+C under heavy load tested","complete","COMPLETED","test_async_scanner, test_hybrid_backend, test_speed_update.OwnershipTests, test_proxy_wire and test_rate_limit_control. Deterministic 5xx, timeout, TLS/DNS/disconnect, dead/auth/slow proxy, captcha/empty response, private/invalid account, retries, SIGINT and durable restart checks."
"CHECK-090","specifications/hybrid_tiktok_scanner_combined_final_max_throughput.md","1202","Resume after interrupted scan tested","complete","COMPLETED","test_async_scanner, test_hybrid_backend, test_speed_update.OwnershipTests, test_proxy_wire and test_rate_limit_control. Deterministic 5xx, timeout, TLS/DNS/disconnect, dead/auth/slow proxy, captcha/empty response, private/invalid account, retries, SIGINT and durable restart checks."
"CHECK-091","specifications/hybrid_tiktok_scanner_combined_final_max_throughput.md","1204","No deadlocks detected","complete","COMPLETED","test_async_scanner, test_hybrid_backend, test_speed_update.OwnershipTests, test_proxy_wire and test_rate_limit_control. Deterministic 5xx, timeout, TLS/DNS/disconnect, dead/auth/slow proxy, captcha/empty response, private/invalid account, retries, SIGINT and durable restart checks."
"CHECK-092","specifications/hybrid_tiktok_scanner_combined_final_max_throughput.md","1205","No task leaks detected","complete","COMPLETED","test_async_scanner, test_hybrid_backend, test_speed_update.OwnershipTests, test_proxy_wire and test_rate_limit_control. Deterministic 5xx, timeout, TLS/DNS/disconnect, dead/auth/slow proxy, captcha/empty response, private/invalid account, retries, SIGINT and durable restart checks."
"CHECK-093","specifications/hybrid_tiktok_scanner_combined_final_max_throughput.md","1206","No connection leaks detected","complete","COMPLETED","test_async_scanner, test_hybrid_backend, test_speed_update.OwnershipTests, test_proxy_wire and test_rate_limit_control. Deterministic 5xx, timeout, TLS/DNS/disconnect, dead/auth/slow proxy, captcha/empty response, private/invalid account, retries, SIGINT and durable restart checks."
"CHECK-094","specifications/hybrid_tiktok_scanner_combined_final_max_throughput.md","1207","No file-handle leaks detected","complete","COMPLETED","UserStore.commit_page/restart_chain; DurableScanState; SuccessRecorder; disk_call/open_user_store; tests test_persistent_scanner, test_configured_scanner, test_hybrid_audit, test_optimization. Page/cursor commits are atomic; cancellation preserves ownership; reports/export recovery retain observations."
"CHECK-095","specifications/hybrid_tiktok_scanner_combined_final_max_throughput.md","1208","No corrupted state detected","complete","COMPLETED","test_async_scanner, test_hybrid_backend, test_speed_update.OwnershipTests, test_proxy_wire and test_rate_limit_control. Deterministic 5xx, timeout, TLS/DNS/disconnect, dead/auth/slow proxy, captcha/empty response, private/invalid account, retries, SIGINT and durable restart checks."
"CHECK-096","specifications/hybrid_tiktok_scanner_combined_final_max_throughput.md","1209","No duplicate final accounts/users detected","complete","COMPLETED","test_async_scanner, test_hybrid_backend, test_speed_update.OwnershipTests, test_proxy_wire and test_rate_limit_control. Deterministic 5xx, timeout, TLS/DNS/disconnect, dead/auth/slow proxy, captcha/empty response, private/invalid account, retries, SIGINT and durable restart checks."
"CHECK-097","specifications/hybrid_tiktok_scanner_combined_final_max_throughput.md","1210","No lost queued jobs detected","complete","COMPLETED","test_async_scanner, test_hybrid_backend, test_speed_update.OwnershipTests, test_proxy_wire and test_rate_limit_control. Deterministic 5xx, timeout, TLS/DNS/disconnect, dead/auth/slow proxy, captcha/empty response, private/invalid account, retries, SIGINT and durable restart checks."
"CHECK-098","specifications/hybrid_tiktok_scanner_combined_final_max_throughput.md","1211","No broken pagination detected","complete","COMPLETED","test_async_scanner, test_hybrid_backend, test_speed_update.OwnershipTests, test_proxy_wire and test_rate_limit_control. Deterministic 5xx, timeout, TLS/DNS/disconnect, dead/auth/slow proxy, captcha/empty response, private/invalid account, retries, SIGINT and durable restart checks."
"CHECK-099","specifications/hybrid_tiktok_scanner_combined_final_max_throughput.md","1212","No request leakage after backend disable/pause","complete","COMPLETED","test_async_scanner, test_hybrid_backend, test_speed_update.OwnershipTests, test_proxy_wire and test_rate_limit_control. Deterministic 5xx, timeout, TLS/DNS/disconnect, dead/auth/slow proxy, captcha/empty response, private/invalid account, retries, SIGINT and durable restart checks."
"CHECK-100","specifications/hybrid_tiktok_scanner_combined_final_max_throughput.md","1214","Persistent HTTP clients reused","complete","COMPLETED","Persistent WorkerApiClient/ApiBackend clients; connection_metrics; test_proxy_wire and test_hybrid_review.WireReuseTests prove local TLS/CONNECT reuse and credential isolation. DNS reused through retained sockets; no independent resolver cache or TLS-resumption guarantee is claimed."
"CHECK-101","specifications/hybrid_tiktok_scanner_combined_final_max_throughput.md","1215","Connection pooling verified","complete","COMPLETED","Persistent WorkerApiClient/ApiBackend clients; connection_metrics; test_proxy_wire and test_hybrid_review.WireReuseTests prove local TLS/CONNECT reuse and credential isolation. DNS reused through retained sockets; no independent resolver cache or TLS-resumption guarantee is claimed."
"CHECK-102","specifications/hybrid_tiktok_scanner_combined_final_max_throughput.md","1216","Keep-alive verified","complete","COMPLETED","Persistent WorkerApiClient/ApiBackend clients; connection_metrics; test_proxy_wire and test_hybrid_review.WireReuseTests prove local TLS/CONNECT reuse and credential isolation. DNS reused through retained sockets; no independent resolver cache or TLS-resumption guarantee is claimed."
"CHECK-103","specifications/hybrid_tiktok_scanner_combined_final_max_throughput.md","1217","DNS/TLS reuse reviewed","complete","COMPLETED","Persistent WorkerApiClient/ApiBackend clients; connection_metrics; test_proxy_wire and test_hybrid_review.WireReuseTests prove local TLS/CONNECT reuse and credential isolation. DNS reused through retained sockets; no independent resolver cache or TLS-resumption guarantee is claimed."
"CHECK-104","specifications/hybrid_tiktok_scanner_combined_final_max_throughput.md","1218","Proxy-session reuse reviewed","complete","COMPLETED","Persistent WorkerApiClient/ApiBackend clients; connection_metrics; test_proxy_wire and test_hybrid_review.WireReuseTests prove local TLS/CONNECT reuse and credential isolation. DNS reused through retained sockets; no independent resolver cache or TLS-resumption guarantee is claimed."
"CHECK-105","specifications/hybrid_tiktok_scanner_combined_final_max_throughput.md","1219","Unnecessary client/session creation removed","complete","COMPLETED","Persistent WorkerApiClient/ApiBackend clients; connection_metrics; test_proxy_wire and test_hybrid_review.WireReuseTests prove local TLS/CONNECT reuse and credential isolation. DNS reused through retained sockets; no independent resolver cache or TLS-resumption guarantee is claimed."
"CHECK-106","specifications/hybrid_tiktok_scanner_combined_final_max_throughput.md","1220","Blocking network calls removed from async hot paths","complete","COMPLETED","Persistent WorkerApiClient/ApiBackend clients; connection_metrics; test_proxy_wire and test_hybrid_review.WireReuseTests prove local TLS/CONNECT reuse and credential isolation. DNS reused through retained sockets; no independent resolver cache or TLS-resumption guarantee is claimed."
"CHECK-107","specifications/hybrid_tiktok_scanner_combined_final_max_throughput.md","1221","Unnecessary sleeps removed/replaced","complete","COMPLETED","rate_limit_control.RateLimitController; test_rate_limit_control covers 150 queued/2500 active Worker requests, both list directions, central Direct cooldown/probe/ramp, repeated-429 stop and full durable resume. test_hybrid_audit covers bootstrap/main boundaries and independent Worker progress."
"CHECK-108","specifications/hybrid_tiktok_scanner_combined_final_max_throughput.md","1222","Retry waiting moved off active worker capacity where appropriate","complete","COMPLETED","rate_limit_control.RateLimitController; test_rate_limit_control covers 150 queued/2500 active Worker requests, both list directions, central Direct cooldown/probe/ramp, repeated-429 stop and full durable resume. test_hybrid_audit covers bootstrap/main boundaries and independent Worker progress."
"CHECK-109","specifications/hybrid_tiktok_scanner_combined_final_max_throughput.md","1224","SQLite/database hot path reviewed","complete","COMPLETED","UserStore.commit_page/restart_chain; DurableScanState; SuccessRecorder; disk_call/open_user_store; tests test_persistent_scanner, test_configured_scanner, test_hybrid_audit, test_optimization. Page/cursor commits are atomic; cancellation preserves ownership; reports/export recovery retain observations."
"CHECK-110","specifications/hybrid_tiktok_scanner_combined_final_max_throughput.md","1225","Batched writes implemented where safe","complete","COMPLETED","UserStore.commit_page/restart_chain; DurableScanState; SuccessRecorder; disk_call/open_user_store; tests test_persistent_scanner, test_configured_scanner, test_hybrid_audit, test_optimization. Page/cursor commits are atomic; cancellation preserves ownership; reports/export recovery retain observations."
"CHECK-111","specifications/hybrid_tiktok_scanner_combined_final_max_throughput.md","1226","Transaction/commit frequency reviewed","complete","COMPLETED","UserStore.commit_page/restart_chain; DurableScanState; SuccessRecorder; disk_call/open_user_store; tests test_persistent_scanner, test_configured_scanner, test_hybrid_audit, test_optimization. Page/cursor commits are atomic; cancellation preserves ownership; reports/export recovery retain observations."
"CHECK-112","specifications/hybrid_tiktok_scanner_combined_final_max_throughput.md","1227","N+1 database operations reviewed","complete","COMPLETED","UserStore.commit_page/restart_chain; DurableScanState; SuccessRecorder; disk_call/open_user_store; tests test_persistent_scanner, test_configured_scanner, test_hybrid_audit, test_optimization. Page/cursor commits are atomic; cancellation preserves ownership; reports/export recovery retain observations."
"CHECK-113","specifications/hybrid_tiktok_scanner_combined_final_max_throughput.md","1228","Database indexes reviewed","complete","COMPLETED","UserStore.commit_page/restart_chain; DurableScanState; SuccessRecorder; disk_call/open_user_store; tests test_persistent_scanner, test_configured_scanner, test_hybrid_audit, test_optimization. Page/cursor commits are atomic; cancellation preserves ownership; reports/export recovery retain observations."
"CHECK-114","specifications/hybrid_tiktok_scanner_combined_final_max_throughput.md","1229","Crash-safe resume preserved","complete","COMPLETED","UserStore.commit_page/restart_chain; DurableScanState; SuccessRecorder; disk_call/open_user_store; tests test_persistent_scanner, test_configured_scanner, test_hybrid_audit, test_optimization. Page/cursor commits are atomic; cancellation preserves ownership; reports/export recovery retain observations."
"CHECK-115","specifications/hybrid_tiktok_scanner_combined_final_max_throughput.md","1231","JSON parsing profiled","complete; verification in progress","FAILED","Full production-dispatcher benchmark v2, 56 scan cases, components and CPU profiles continue in 36759496281. Corrected 15-case real loopback TLS matrix completed in 36759670077. All six original/first/final real SIGINT/resume cases completed in 36760498050. Matched ratios, regressions and subsystem breakdown still require final review."
"CHECK-116","specifications/hybrid_tiktok_scanner_combined_final_max_throughput.md","1232","JSON serialization profiled","complete; verification in progress","FAILED","Full production-dispatcher benchmark v2, 56 scan cases, components and CPU profiles continue in 36759496281. Corrected 15-case real loopback TLS matrix completed in 36759670077. All six original/first/final real SIGINT/resume cases completed in 36760498050. Matched ratios, regressions and subsystem breakdown still require final review."
"CHECK-117","specifications/hybrid_tiktok_scanner_combined_final_max_throughput.md","1233","Unnecessary deep copies removed","complete","COMPLETED","Current source review and regression fixes recorded in FULL_CODE_REVIEW.md; source retained from checkpoint, not rewritten. Review found and corrected record-yield metrics, Direct export recovery, bootstrap lifecycle and SQLite handle ownership."
"CHECK-118","specifications/hybrid_tiktok_scanner_combined_final_max_throughput.md","1234","Large object allocations reviewed","complete","COMPLETED","Current source review and regression fixes recorded in FULL_CODE_REVIEW.md; source retained from checkpoint, not rewritten. Review found and corrected record-yield metrics, Direct export recovery, bootstrap lifecycle and SQLite handle ownership."
"CHECK-119","specifications/hybrid_tiktok_scanner_combined_final_max_throughput.md","1235","Deduplication structures reviewed","complete","COMPLETED","Current source review and regression fixes recorded in FULL_CODE_REVIEW.md; source retained from checkpoint, not rewritten. Review found and corrected record-yield metrics, Direct export recovery, bootstrap lifecycle and SQLite handle ownership."
"CHECK-120","specifications/hybrid_tiktok_scanner_combined_final_max_throughput.md","1236","Target matching reviewed for hot-path efficiency","complete","COMPLETED","Current source review and regression fixes recorded in FULL_CODE_REVIEW.md; source retained from checkpoint, not rewritten. Review found and corrected record-yield metrics, Direct export recovery, bootstrap lifecycle and SQLite handle ownership."
"CHECK-121","specifications/hybrid_tiktok_scanner_combined_final_max_throughput.md","1238","Logging hot path reviewed","complete","COMPLETED","RunLog buffered writer; ScanStatistics rolling buckets; BackendMetrics incremental per-backend/per-proxy counters and bounded latency sample; test_optimization.MetricsTests and test_hybrid_audit. Detailed errors are retained; console updates do not serialize each network request."
"CHECK-122","specifications/hybrid_tiktok_scanner_combined_final_max_throughput.md","1239","Console output rate-limited/batched","complete","COMPLETED","RunLog buffered writer; ScanStatistics rolling buckets; BackendMetrics incremental per-backend/per-proxy counters and bounded latency sample; test_optimization.MetricsTests and test_hybrid_audit. Detailed errors are retained; console updates do not serialize each network request."
"CHECK-123","specifications/hybrid_tiktok_scanner_combined_final_max_throughput.md","1240","Noncritical logging moved off request hot path where safe","complete","COMPLETED","RunLog buffered writer; ScanStatistics rolling buckets; BackendMetrics incremental per-backend/per-proxy counters and bounded latency sample; test_optimization.MetricsTests and test_hybrid_audit. Detailed errors are retained; console updates do not serialize each network request."
"CHECK-124","specifications/hybrid_tiktok_scanner_combined_final_max_throughput.md","1241","Statistics use incremental counters where possible","complete","COMPLETED","RunLog buffered writer; ScanStatistics rolling buckets; BackendMetrics incremental per-backend/per-proxy counters and bounded latency sample; test_optimization.MetricsTests and test_hybrid_audit. Detailed errors are retained; console updates do not serialize each network request."
"CHECK-125","specifications/hybrid_tiktok_scanner_combined_final_max_throughput.md","1242","Rolling metrics do not repeatedly rescan huge datasets","complete","COMPLETED","RunLog buffered writer; ScanStatistics rolling buckets; BackendMetrics incremental per-backend/per-proxy counters and bounded latency sample; test_optimization.MetricsTests and test_hybrid_audit. Detailed errors are retained; console updates do not serialize each network request."
"CHECK-126","specifications/hybrid_tiktok_scanner_combined_final_max_throughput.md","1244","HTML report generation profiled","complete; offline verified","COMPLETED","verification_runs/36759496281/browser: original/first/final 180000-row report generation and Worker/cooperative browser tests pass. Six avatar sections, 5 cached images, missing-image placeholder, idempotent repair and unchanged state pass. All checks: zero external HTTP requests and JavaScript errors. Timing regressions/noise remain part of the performance review."
"CHECK-127","specifications/hybrid_tiktok_scanner_combined_final_max_throughput.md","1245","Large report performance tested","complete; offline verified","COMPLETED","verification_runs/36759496281/browser: original/first/final 180000-row report generation and Worker/cooperative browser tests pass. Six avatar sections, 5 cached images, missing-image placeholder, idempotent repair and unchanged state pass. All checks: zero external HTTP requests and JavaScript errors. Timing regressions/noise remain part of the performance review."
"CHECK-128","specifications/hybrid_tiktok_scanner_combined_final_max_throughput.md","1246","Overview avatars verified","complete; offline verified","COMPLETED","verification_runs/36759496281/browser: original/first/final 180000-row report generation and Worker/cooperative browser tests pass. Six avatar sections, 5 cached images, missing-image placeholder, idempotent repair and unchanged state pass. All checks: zero external HTTP requests and JavaScript errors. Timing regressions/noise remain part of the performance review."
"CHECK-129","specifications/hybrid_tiktok_scanner_combined_final_max_throughput.md","1247","Errors avatars verified","complete; offline verified","COMPLETED","verification_runs/36759496281/browser: original/first/final 180000-row report generation and Worker/cooperative browser tests pass. Six avatar sections, 5 cached images, missing-image placeholder, idempotent repair and unchanged state pass. All checks: zero external HTTP requests and JavaScript errors. Timing regressions/noise remain part of the performance review."
"CHECK-130","specifications/hybrid_tiktok_scanner_combined_final_max_throughput.md","1248","All Accounts avatars verified","complete; offline verified","COMPLETED","verification_runs/36759496281/browser: original/first/final 180000-row report generation and Worker/cooperative browser tests pass. Six avatar sections, 5 cached images, missing-image placeholder, idempotent repair and unchanged state pass. All checks: zero external HTTP requests and JavaScript errors. Timing regressions/noise remain part of the performance review."
"CHECK-131","specifications/hybrid_tiktok_scanner_combined_final_max_throughput.md","1249","Skipped Accounts avatars verified","complete; offline verified","COMPLETED","verification_runs/36759496281/browser: original/first/final 180000-row report generation and Worker/cooperative browser tests pass. Six avatar sections, 5 cached images, missing-image placeholder, idempotent repair and unchanged state pass. All checks: zero external HTTP requests and JavaScript errors. Timing regressions/noise remain part of the performance review."
"CHECK-132","specifications/hybrid_tiktok_scanner_combined_final_max_throughput.md","1250","Target Matches avatars verified","complete; offline verified","COMPLETED","verification_runs/36759496281/browser: original/first/final 180000-row report generation and Worker/cooperative browser tests pass. Six avatar sections, 5 cached images, missing-image placeholder, idempotent repair and unchanged state pass. All checks: zero external HTTP requests and JavaScript errors. Timing regressions/noise remain part of the performance review."
"CHECK-133","specifications/hybrid_tiktok_scanner_combined_final_max_throughput.md","1251","Search/filter/sort performance tested","complete; offline verified","COMPLETED","verification_runs/36759496281/browser: original/first/final 180000-row report generation and Worker/cooperative browser tests pass. Six avatar sections, 5 cached images, missing-image placeholder, idempotent repair and unchanged state pass. All checks: zero external HTTP requests and JavaScript errors. Timing regressions/noise remain part of the performance review."
"CHECK-134","specifications/hybrid_tiktok_scanner_combined_final_max_throughput.md","1252","DOM size/lazy rendering reviewed","complete; offline verified","COMPLETED","verification_runs/36759496281/browser: original/first/final 180000-row report generation and Worker/cooperative browser tests pass. Six avatar sections, 5 cached images, missing-image placeholder, idempotent repair and unchanged state pass. All checks: zero external HTTP requests and JavaScript errors. Timing regressions/noise remain part of the performance review."
"CHECK-135","specifications/hybrid_tiktok_scanner_combined_final_max_throughput.md","1254","CPU profiling completed","complete; verification in progress","FAILED","Full production-dispatcher benchmark v2, 56 scan cases, components and CPU profiles continue in 36759496281. Corrected 15-case real loopback TLS matrix completed in 36759670077. All six original/first/final real SIGINT/resume cases completed in 36760498050. Matched ratios, regressions and subsystem breakdown still require final review."
"CHECK-136","specifications/hybrid_tiktok_scanner_combined_final_max_throughput.md","1255","Event-loop latency profiled","complete; verification in progress","FAILED","Full production-dispatcher benchmark v2, 56 scan cases, components and CPU profiles continue in 36759496281. Corrected 15-case real loopback TLS matrix completed in 36759670077. All six original/first/final real SIGINT/resume cases completed in 36760498050. Matched ratios, regressions and subsystem breakdown still require final review."
"CHECK-137","specifications/hybrid_tiktok_scanner_combined_final_max_throughput.md","1256","Queue wait time profiled","complete; verification in progress","FAILED","Full production-dispatcher benchmark v2, 56 scan cases, components and CPU profiles continue in 36759496281. Corrected 15-case real loopback TLS matrix completed in 36759670077. All six original/first/final real SIGINT/resume cases completed in 36760498050. Matched ratios, regressions and subsystem breakdown still require final review."
"CHECK-138","specifications/hybrid_tiktok_scanner_combined_final_max_throughput.md","1257","Semaphore wait time profiled","complete; verification in progress","FAILED","Full production-dispatcher benchmark v2, 56 scan cases, components and CPU profiles continue in 36759496281. Corrected 15-case real loopback TLS matrix completed in 36759670077. All six original/first/final real SIGINT/resume cases completed in 36760498050. Matched ratios, regressions and subsystem breakdown still require final review."
"CHECK-139","specifications/hybrid_tiktok_scanner_combined_final_max_throughput.md","1258","Lock wait time profiled","complete; verification in progress","FAILED","Full production-dispatcher benchmark v2, 56 scan cases, components and CPU profiles continue in 36759496281. Corrected 15-case real loopback TLS matrix completed in 36759670077. All six original/first/final real SIGINT/resume cases completed in 36760498050. Matched ratios, regressions and subsystem breakdown still require final review."
"CHECK-140","specifications/hybrid_tiktok_scanner_combined_final_max_throughput.md","1259","Connection-pool wait time profiled","complete; verification in progress","FAILED","Full production-dispatcher benchmark v2, 56 scan cases, components and CPU profiles continue in 36759496281. Corrected 15-case real loopback TLS matrix completed in 36759670077. All six original/first/final real SIGINT/resume cases completed in 36760498050. Matched ratios, regressions and subsystem breakdown still require final review."
"CHECK-141","specifications/hybrid_tiktok_scanner_combined_final_max_throughput.md","1260","Database latency profiled","complete; verification in progress","FAILED","Full production-dispatcher benchmark v2, 56 scan cases, components and CPU profiles continue in 36759496281. Corrected 15-case real loopback TLS matrix completed in 36759670077. All six original/first/final real SIGINT/resume cases completed in 36760498050. Matched ratios, regressions and subsystem breakdown still require final review."
"CHECK-142","specifications/hybrid_tiktok_scanner_combined_final_max_throughput.md","1261","JSON parse/serialize time profiled","complete; verification in progress","FAILED","Full production-dispatcher benchmark v2, 56 scan cases, components and CPU profiles continue in 36759496281. Corrected 15-case real loopback TLS matrix completed in 36759670077. All six original/first/final real SIGINT/resume cases completed in 36760498050. Matched ratios, regressions and subsystem breakdown still require final review."
"CHECK-143","specifications/hybrid_tiktok_scanner_combined_final_max_throughput.md","1262","Logging time profiled","complete; verification in progress","FAILED","Full production-dispatcher benchmark v2, 56 scan cases, components and CPU profiles continue in 36759496281. Corrected 15-case real loopback TLS matrix completed in 36759670077. All six original/first/final real SIGINT/resume cases completed in 36760498050. Matched ratios, regressions and subsystem breakdown still require final review."
"CHECK-144","specifications/hybrid_tiktok_scanner_combined_final_max_throughput.md","1263","Report-generation time profiled","complete; verification in progress","FAILED","Full production-dispatcher benchmark v2, 56 scan cases, components and CPU profiles continue in 36759496281. Corrected 15-case real loopback TLS matrix completed in 36759670077. All six original/first/final real SIGINT/resume cases completed in 36760498050. Matched ratios, regressions and subsystem breakdown still require final review."
"CHECK-145","specifications/hybrid_tiktok_scanner_combined_final_max_throughput.md","1264","TikTok signing time profiled","complete; verification in progress","FAILED","Full production-dispatcher benchmark v2, 56 scan cases, components and CPU profiles continue in 36759496281. Corrected 15-case real loopback TLS matrix completed in 36759670077. All six original/first/final real SIGINT/resume cases completed in 36760498050. Matched ratios, regressions and subsystem breakdown still require final review."
"CHECK-146","specifications/hybrid_tiktok_scanner_combined_final_max_throughput.md","1265","Proxy selection time profiled","complete; verification in progress","FAILED","Full production-dispatcher benchmark v2, 56 scan cases, components and CPU profiles continue in 36759496281. Corrected 15-case real loopback TLS matrix completed in 36759670077. All six original/first/final real SIGINT/resume cases completed in 36760498050. Matched ratios, regressions and subsystem breakdown still require final review."
"CHECK-147","specifications/hybrid_tiktok_scanner_combined_final_max_throughput.md","1267","Entire codebase reviewed after first implementation","complete","COMPLETED","Current source review and regression fixes recorded in FULL_CODE_REVIEW.md; source retained from checkpoint, not rewritten. Review found and corrected record-yield metrics, Direct export recovery, bootstrap lifecycle and SQLite handle ownership."
"CHECK-148","specifications/hybrid_tiktok_scanner_combined_final_max_throughput.md","1268","Entire codebase reviewed again after optimization","complete","COMPLETED","Current source review and regression fixes recorded in FULL_CODE_REVIEW.md; source retained from checkpoint, not rewritten. Review found and corrected record-yield metrics, Direct export recovery, bootstrap lifecycle and SQLite handle ownership."
"CHECK-149","specifications/hybrid_tiktok_scanner_combined_final_max_throughput.md","1269","Every major synchronous bottleneck reviewed","complete","COMPLETED","Current source review and regression fixes recorded in FULL_CODE_REVIEW.md; source retained from checkpoint, not rewritten. Review found and corrected record-yield metrics, Direct export recovery, bootstrap lifecycle and SQLite handle ownership."
"CHECK-150","specifications/hybrid_tiktok_scanner_combined_final_max_throughput.md","1270","Async correctness reviewed","complete","COMPLETED","Current source review and regression fixes recorded in FULL_CODE_REVIEW.md; source retained from checkpoint, not rewritten. Review found and corrected record-yield metrics, Direct export recovery, bootstrap lifecycle and SQLite handle ownership."
"CHECK-151","specifications/hybrid_tiktok_scanner_combined_final_max_throughput.md","1271","Race conditions reviewed","complete","COMPLETED","Current source review and regression fixes recorded in FULL_CODE_REVIEW.md; source retained from checkpoint, not rewritten. Review found and corrected record-yield metrics, Direct export recovery, bootstrap lifecycle and SQLite handle ownership."
"CHECK-152","specifications/hybrid_tiktok_scanner_combined_final_max_throughput.md","1272","Shared-state locking reviewed","complete","COMPLETED","Current source review and regression fixes recorded in FULL_CODE_REVIEW.md; source retained from checkpoint, not rewritten. Review found and corrected record-yield metrics, Direct export recovery, bootstrap lifecycle and SQLite handle ownership."
"CHECK-153","specifications/hybrid_tiktok_scanner_combined_final_max_throughput.md","1273","Final regression pass completed","complete; fresh regression verification in progress","FAILED","Prior four-platform gate 36759162542 passed. Later Windows 3.11 repeat exposed coarse pacing-clock early admission; runtime fix e6e64a7 and early-wakeup regression now run in 36760769078. Final acceptance also awaits completed performance audit and explicit live blockers."
"CHECK-154","specifications/hybrid_tiktok_scanner_combined_final_max_throughput.md","1275","ORIGINAL SCANNER benchmark recorded","complete; verification in progress","FAILED","Full production-dispatcher benchmark v2, 56 scan cases, components and CPU profiles continue in 36759496281. Corrected 15-case real loopback TLS matrix completed in 36759670077. All six original/first/final real SIGINT/resume cases completed in 36760498050. Matched ratios, regressions and subsystem breakdown still require final review."
"CHECK-155","specifications/hybrid_tiktok_scanner_combined_final_max_throughput.md","1276","FIRST HYBRID IMPLEMENTATION benchmark recorded","complete; verification in progress","FAILED","Full production-dispatcher benchmark v2, 56 scan cases, components and CPU profiles continue in 36759496281. Corrected 15-case real loopback TLS matrix completed in 36759670077. All six original/first/final real SIGINT/resume cases completed in 36760498050. Matched ratios, regressions and subsystem breakdown still require final review."
"CHECK-156","specifications/hybrid_tiktok_scanner_combined_final_max_throughput.md","1277","FINAL OPTIMIZED HYBRID benchmark recorded","complete; verification in progress","FAILED","Full production-dispatcher benchmark v2, 56 scan cases, components and CPU profiles continue in 36759496281. Corrected 15-case real loopback TLS matrix completed in 36759670077. All six original/first/final real SIGINT/resume cases completed in 36760498050. Matched ratios, regressions and subsystem breakdown still require final review."
"CHECK-157","specifications/hybrid_tiktok_scanner_combined_final_max_throughput.md","1278","Worker-only benchmark recorded","complete; verification in progress","FAILED","Full production-dispatcher benchmark v2, 56 scan cases, components and CPU profiles continue in 36759496281. Corrected 15-case real loopback TLS matrix completed in 36759670077. All six original/first/final real SIGINT/resume cases completed in 36760498050. Matched ratios, regressions and subsystem breakdown still require final review."
"CHECK-158","specifications/hybrid_tiktok_scanner_combined_final_max_throughput.md","1279","Direct-only benchmark recorded","complete; verification in progress","FAILED","Full production-dispatcher benchmark v2, 56 scan cases, components and CPU profiles continue in 36759496281. Corrected 15-case real loopback TLS matrix completed in 36759670077. All six original/first/final real SIGINT/resume cases completed in 36760498050. Matched ratios, regressions and subsystem breakdown still require final review."
"CHECK-159","specifications/hybrid_tiktok_scanner_combined_final_max_throughput.md","1280","Hybrid benchmark recorded","complete; verification in progress","FAILED","Full production-dispatcher benchmark v2, 56 scan cases, components and CPU profiles continue in 36759496281. Corrected 15-case real loopback TLS matrix completed in 36759670077. All six original/first/final real SIGINT/resume cases completed in 36760498050. Matched ratios, regressions and subsystem breakdown still require final review."
"CHECK-160","specifications/hybrid_tiktok_scanner_combined_final_max_throughput.md","1281","Successful RPS compared","complete; verification in progress","FAILED","Full production-dispatcher benchmark v2, 56 scan cases, components and CPU profiles continue in 36759496281. Corrected 15-case real loopback TLS matrix completed in 36759670077. All six original/first/final real SIGINT/resume cases completed in 36760498050. Matched ratios, regressions and subsystem breakdown still require final review."
"CHECK-161","specifications/hybrid_tiktok_scanner_combined_final_max_throughput.md","1282","Accounts/sec compared","complete; verification in progress","FAILED","Full production-dispatcher benchmark v2, 56 scan cases, components and CPU profiles continue in 36759496281. Corrected 15-case real loopback TLS matrix completed in 36759670077. All six original/first/final real SIGINT/resume cases completed in 36760498050. Matched ratios, regressions and subsystem breakdown still require final review."
"CHECK-162","specifications/hybrid_tiktok_scanner_combined_final_max_throughput.md","1283","Followers/sec compared","complete; verification in progress","FAILED","Full production-dispatcher benchmark v2, 56 scan cases, components and CPU profiles continue in 36759496281. Corrected 15-case real loopback TLS matrix completed in 36759670077. All six original/first/final real SIGINT/resume cases completed in 36760498050. Matched ratios, regressions and subsystem breakdown still require final review."
"CHECK-163","specifications/hybrid_tiktok_scanner_combined_final_max_throughput.md","1284","Following/sec compared","complete; verification in progress","FAILED","Full production-dispatcher benchmark v2, 56 scan cases, components and CPU profiles continue in 36759496281. Corrected 15-case real loopback TLS matrix completed in 36759670077. All six original/first/final real SIGINT/resume cases completed in 36760498050. Matched ratios, regressions and subsystem breakdown still require final review."
"CHECK-164","specifications/hybrid_tiktok_scanner_combined_final_max_throughput.md","1285","Successful records/sec compared","complete; verification in progress","FAILED","Full production-dispatcher benchmark v2, 56 scan cases, components and CPU profiles continue in 36759496281. Corrected 15-case real loopback TLS matrix completed in 36759670077. All six original/first/final real SIGINT/resume cases completed in 36760498050. Matched ratios, regressions and subsystem breakdown still require final review."
"CHECK-165","specifications/hybrid_tiktok_scanner_combined_final_max_throughput.md","1286","Average latency compared","complete; verification in progress","FAILED","Full production-dispatcher benchmark v2, 56 scan cases, components and CPU profiles continue in 36759496281. Corrected 15-case real loopback TLS matrix completed in 36759670077. All six original/first/final real SIGINT/resume cases completed in 36760498050. Matched ratios, regressions and subsystem breakdown still require final review."
"CHECK-166","specifications/hybrid_tiktok_scanner_combined_final_max_throughput.md","1287","Median latency compared","complete; verification in progress","FAILED","Full production-dispatcher benchmark v2, 56 scan cases, components and CPU profiles continue in 36759496281. Corrected 15-case real loopback TLS matrix completed in 36759670077. All six original/first/final real SIGINT/resume cases completed in 36760498050. Matched ratios, regressions and subsystem breakdown still require final review."
"CHECK-167","specifications/hybrid_tiktok_scanner_combined_final_max_throughput.md","1288","p95 latency compared","complete; verification in progress","FAILED","Full production-dispatcher benchmark v2, 56 scan cases, components and CPU profiles continue in 36759496281. Corrected 15-case real loopback TLS matrix completed in 36759670077. All six original/first/final real SIGINT/resume cases completed in 36760498050. Matched ratios, regressions and subsystem breakdown still require final review."
"CHECK-168","specifications/hybrid_tiktok_scanner_combined_final_max_throughput.md","1289","p99 latency compared","complete; verification in progress","FAILED","Full production-dispatcher benchmark v2, 56 scan cases, components and CPU profiles continue in 36759496281. Corrected 15-case real loopback TLS matrix completed in 36759670077. All six original/first/final real SIGINT/resume cases completed in 36760498050. Matched ratios, regressions and subsystem breakdown still require final review."
"CHECK-169","specifications/hybrid_tiktok_scanner_combined_final_max_throughput.md","1290","CPU usage compared","complete; verification in progress","FAILED","Full production-dispatcher benchmark v2, 56 scan cases, components and CPU profiles continue in 36759496281. Corrected 15-case real loopback TLS matrix completed in 36759670077. All six original/first/final real SIGINT/resume cases completed in 36760498050. Matched ratios, regressions and subsystem breakdown still require final review."
"CHECK-170","specifications/hybrid_tiktok_scanner_combined_final_max_throughput.md","1291","RAM usage compared","complete; verification in progress","FAILED","Full production-dispatcher benchmark v2, 56 scan cases, components and CPU profiles continue in 36759496281. Corrected 15-case real loopback TLS matrix completed in 36759670077. All six original/first/final real SIGINT/resume cases completed in 36760498050. Matched ratios, regressions and subsystem breakdown still require final review."
"CHECK-171","specifications/hybrid_tiktok_scanner_combined_final_max_throughput.md","1292","Network usage compared","complete; verification in progress","FAILED","Full production-dispatcher benchmark v2, 56 scan cases, components and CPU profiles continue in 36759496281. Corrected 15-case real loopback TLS matrix completed in 36759670077. All six original/first/final real SIGINT/resume cases completed in 36760498050. Matched ratios, regressions and subsystem breakdown still require final review."
"CHECK-172","specifications/hybrid_tiktok_scanner_combined_final_max_throughput.md","1293","Error/risk-control rates compared","complete; verification in progress","FAILED","Full production-dispatcher benchmark v2, 56 scan cases, components and CPU profiles continue in 36759496281. Corrected 15-case real loopback TLS matrix completed in 36759670077. All six original/first/final real SIGINT/resume cases completed in 36760498050. Matched ratios, regressions and subsystem breakdown still require final review."
"CHECK-173","specifications/hybrid_tiktok_scanner_combined_final_max_throughput.md","1295","Measured speed improvement calculated for each major subsystem","complete; verification in progress","FAILED","Full production-dispatcher benchmark v2, 56 scan cases, components and CPU profiles continue in 36759496281. Corrected 15-case real loopback TLS matrix completed in 36759670077. All six original/first/final real SIGINT/resume cases completed in 36760498050. Matched ratios, regressions and subsystem breakdown still require final review."
"CHECK-174","specifications/hybrid_tiktok_scanner_combined_final_max_throughput.md","1296","Any regressions explicitly identified","complete; verification in progress","FAILED","Full production-dispatcher benchmark v2, 56 scan cases, components and CPU profiles continue in 36759496281. Corrected 15-case real loopback TLS matrix completed in 36759670077. All six original/first/final real SIGINT/resume cases completed in 36760498050. Matched ratios, regressions and subsystem breakdown still require final review."
"CHECK-175","specifications/hybrid_tiktok_scanner_combined_final_max_throughput.md","1297","Any remaining bottlenecks explicitly documented","complete; verification in progress","FAILED","Full production-dispatcher benchmark v2, 56 scan cases, components and CPU profiles continue in 36759496281. Corrected 15-case real loopback TLS matrix completed in 36759670077. All six original/first/final real SIGINT/resume cases completed in 36760498050. Matched ratios, regressions and subsystem breakdown still require final review."
"CHECK-176","specifications/hybrid_tiktok_scanner_combined_final_max_throughput.md","1298","No unmeasured performance claims made","complete","COMPLETED","hybrid_baseline/baseline_evil_tests.json, baseline_evil_benchmark.json and immutable source archive preserve original pre-integration results. ci_verified_20260930.json: 2529 unit/replay and 528 integration passes on unmodified 737bf3d. Historical setup/DNS failures remain separate. Full live/service throughput metrics are unavailable and explicitly null in baseline_evil_benchmark.json; the measured offline component baseline is not a replacement for them."
"CHECK-177","specifications/hybrid_tiktok_scanner_combined_final_max_throughput.md","1300","Final code runs successfully","complete; fresh regression verification in progress","FAILED","Prior four-platform gate 36759162542 passed. Later Windows 3.11 repeat exposed coarse pacing-clock early admission; runtime fix e6e64a7 and early-wakeup regression now run in 36760769078. Final acceptance also awaits completed performance audit and explicit live blockers."
"CHECK-178","specifications/hybrid_tiktok_scanner_combined_final_max_throughput.md","1301","Final configuration is documented","complete","COMPLETED","hybrid_backend.DEFAULTS/validate; scan_runtime.runtime_ceiling; test_hybrid_backend; test_speed_update; HYBRID_CONFIGURATION.md. Logical workers have no fixed application ceiling; explicit aggregate/backend/proxy budgets and reported OS descriptor budget remain."
"CHECK-179","specifications/hybrid_tiktok_scanner_combined_final_max_throughput.md","1302","Final dependencies are documented","complete","COMPLETED","hybrid_backend.DEFAULTS/validate; scan_runtime.runtime_ceiling; test_hybrid_backend; test_speed_update; HYBRID_CONFIGURATION.md. Logical workers have no fixed application ceiling; explicit aggregate/backend/proxy budgets and reported OS descriptor budget remain."
"CHECK-180","specifications/hybrid_tiktok_scanner_combined_final_max_throughput.md","1303","Final scanner can resume safely","complete","COMPLETED","UserStore.commit_page/restart_chain; DurableScanState; SuccessRecorder; disk_call/open_user_store; tests test_persistent_scanner, test_configured_scanner, test_hybrid_audit, test_optimization. Page/cursor commits are atomic; cancellation preserves ownership; reports/export recovery retain observations."
"CHECK-181","specifications/hybrid_tiktok_scanner_combined_final_max_throughput.md","1304","Final reports generate successfully","complete; offline verified","COMPLETED","verification_runs/36759496281/browser: original/first/final 180000-row report generation and Worker/cooperative browser tests pass. Six avatar sections, 5 cached images, missing-image placeholder, idempotent repair and unchanged state pass. All checks: zero external HTTP requests and JavaScript errors. Timing regressions/noise remain part of the performance review."
"CHECK-182","specifications/hybrid_tiktok_scanner_combined_final_max_throughput.md","1305","Final logs/statistics persist successfully","complete","COMPLETED","RunLog buffered writer; ScanStatistics rolling buckets; BackendMetrics incremental per-backend/per-proxy counters and bounded latency sample; test_optimization.MetricsTests and test_hybrid_audit. Detailed errors are retained; console updates do not serialize each network request."
"CHECK-183","specifications/hybrid_tiktok_scanner_combined_final_max_throughput.md","1306","Final graceful shutdown works","complete","COMPLETED","UserStore.commit_page/restart_chain; DurableScanState; SuccessRecorder; disk_call/open_user_store; tests test_persistent_scanner, test_configured_scanner, test_hybrid_audit, test_optimization. Page/cursor commits are atomic; cancellation preserves ownership; reports/export recovery retain observations."
"CHECK-184","specifications/hybrid_tiktok_scanner_combined_final_max_throughput.md","1307","Final implementation satisfies every previous requirement","implemented; live verification unavailable","BLOCKED BY ENVIRONMENT","No supplied authorized account set, Direct identity/session/proxy pool or maintainer-configured upstream deployment for live verification. LIVE_VERIFICATION.md gives exact setup/test procedure. No production throughput or largest reliable page size claimed."
