group,before,after,metric,before_value,after_value,percent_change,before_over_after
components,original,final,atomic_json_mean_seconds,0.00089497233999964,0.000868988370000352,-2.9033265988196333,1.0299014013263232
components,original,final,clean_page_mean_seconds,5.839628100002301e-05,5.7948062800005574e-05,-0.7675457963106536,1.0077348262972026
components,original,final,duplicate_page_mean_seconds,0.00037612631799993325,0.00037604265199979637,-0.02224412282070265,1.0002224907193158
components,original,final,member_commit_page_mean_seconds,0.0007150335579999592,0.0007081129899997905,-0.9678661823266599,1.0097732538421174
components,original,final,member_rows,10000,10000,0.0,1.0
components,original,final,normalize_page_mean_seconds,5.092940210001871e-05,5.472221330001048e-05,7.447193651602646,0.9306897332679516
components,original,final,parse_page_mean_seconds,3.2133112600001824e-05,3.245188325000754e-05,0.992031658973791,0.9901771293964691
components,original,final,parse_proxy_mean_seconds,8.556690099999287e-06,8.612629049991938e-06,0.6537451904756519,0.9935050087879144
components,original,final,peak_rss_mib,62.671875,63.6796875,1.6080777860882467,0.9841737210158262
components,original,final,serialize_page_mean_seconds,0.00010892857399994681,0.00010798941500002001,-0.8621787336785092,1.0086967690298778
components,original,final,wire_0_proxies.client_count,1,1,0.0,1.0
components,original,final,wire_0_proxies.connect_tunnels,0,0,,
components,original,final,wire_0_proxies.cpu_seconds,3.1227343409999997,3.0261270099999997,-3.0936775418770712,1.0319244138401185
components,original,final,wire_0_proxies.failures,0,0,,
components,original,final,wire_0_proxies.latency_mean_ms,154.195489909376,149.48046147187384,-3.0578251285256597,1.0315427741597476
components,original,final,wire_0_proxies.latency_p95_ms,357.0022639999024,337.8524689999267,-5.3640542178693185,1.0566809384482547
components,original,final,wire_0_proxies.peak_in_flight,32,32,0.0,1.0
components,original,final,wire_0_proxies.requests,640,640,0.0,1.0
components,original,final,wire_0_proxies.requests_per_connection,26.666666666666668,26.666666666666668,0.0,1.0
components,original,final,wire_0_proxies.requests_per_second,204.84589905037367,211.37824290872555,3.1889063381959737,0.9690964227516425
components,original,final,wire_0_proxies.retries,0,0,,
components,original,final,wire_0_proxies.seconds,3.124299793000091,3.027747753000085,-3.090357724835757,1.0318890633819597
components,original,final,wire_0_proxies.successes,640,640,0.0,1.0
components,original,final,wire_0_proxies.tcp_tls_connections,24,24,0.0,1.0
components,original,final,wire_0_proxies.timeouts,0,0,,
components,original,final,wire_1_proxies.client_count,1,1,0.0,1.0
components,original,final,wire_1_proxies.connect_tunnels,32,32,0.0,1.0
components,original,final,wire_1_proxies.cpu_seconds,4.345019273,3.6660398800000005,-15.626614068646038,1.185207857858873
components,original,final,wire_1_proxies.failures,0,0,,
components,original,final,wire_1_proxies.latency_mean_ms,214.6508737687455,181.00882014531265,-15.672917157410303,1.185858642669596
components,original,final,wire_1_proxies.latency_p95_ms,417.8952099998696,404.15744200004156,-3.287371491966218,1.0339911296247433
components,original,final,wire_1_proxies.peak_in_flight,32,32,0.0,1.0
components,original,final,wire_1_proxies.requests,640,640,0.0,1.0
components,original,final,wire_1_proxies.requests_per_connection,20.0,20.0,0.0,1.0
components,original,final,wire_1_proxies.requests_per_second,147.24713651185692,174.56068091823008,18.54945709193725,0.8435298014266586
components,original,final,wire_1_proxies.retries,0,0,,
components,original,final,wire_1_proxies.seconds,4.346434267999939,3.666346835000013,-15.647019857334133,1.1854945709193723
components,original,final,wire_1_proxies.successes,640,640,0.0,1.0
components,original,final,wire_1_proxies.tcp_tls_connections,32,32,0.0,1.0
components,original,final,wire_1_proxies.timeouts,0,0,,
components,original,final,wire_4_proxies.client_count,4,4,0.0,1.0
components,original,final,wire_4_proxies.connect_tunnels,32,32,0.0,1.0
components,original,final,wire_4_proxies.cpu_seconds,1.450841217999999,1.3717599930000013,-5.450715351815827,1.0576494615702046
components,original,final,wire_4_proxies.failures,0,0,,
components,original,final,wire_4_proxies.latency_mean_ms,71.43974189218767,67.54325586719325,-5.454227467499462,1.057688750341794
components,original,final,wire_4_proxies.latency_p95_ms,161.93971300003795,139.44368700003906,-13.8916054519583,1.1613269591759474
components,original,final,wire_4_proxies.peak_in_flight,32,32,0.0,1.0
components,original,final,wire_4_proxies.requests,640,640,0.0,1.0
components,original,final,wire_4_proxies.requests_per_connection,20.0,20.0,0.0,1.0
components,original,final,wire_4_proxies.requests_per_second,441.05524515554623,466.383015334438,5.74253916195,0.9456931977663691
components,original,final,wire_4_proxies.retries,0,0,,
components,original,final,wire_4_proxies.seconds,1.4510653869999715,1.372262666000097,-5.430680223363094,1.0574253916194998
components,original,final,wire_4_proxies.successes,640,640,0.0,1.0
components,original,final,wire_4_proxies.tcp_tls_connections,32,32,0.0,1.0
components,original,final,wire_4_proxies.timeouts,0,0,,
components,first,final,atomic_json_mean_seconds,0.0010561461999986932,0.000868988370000352,-17.72082596127058,1.2153743783685682
components,first,final,clean_page_mean_seconds,5.777875560006578e-05,5.7948062800005574e-05,0.293026733063817,0.9970782940488603
components,first,final,duplicate_page_mean_seconds,0.00037041985599989855,0.00037604265199979637,1.5179521045705968,0.9850474514792517
components,first,final,member_commit_page_mean_seconds,0.0006801015920000282,0.0007081129899997905,4.11870790029869,0.960442191577688
components,first,final,member_rows,10000,10000,0.0,1.0
components,first,final,normalize_page_mean_seconds,5.304364479998185e-05,5.472221330001048e-05,3.1645044497945474,0.9693256467748114
components,first,final,parse_page_mean_seconds,3.2789600799992514e-05,3.245188325000754e-05,-1.0299532221967445,1.0104067165342367
components,first,final,parse_proxy_mean_seconds,8.654551099994023e-06,8.612629049991938e-06,-0.48439311892345405,1.004867509068224
components,first,final,peak_rss_mib,62.765625,63.6796875,1.4563106796116498,0.9856459330143541
components,first,final,serialize_page_mean_seconds,0.00010887853100007305,0.00010798941500002001,-0.8166127811298662,1.0082333625018052
components,first,final,wire_0_proxies.client_count,1,1,0.0,1.0
components,first,final,wire_0_proxies.connect_tunnels,0,0,,
components,first,final,wire_0_proxies.cpu_seconds,2.9960880350000005,3.0261270099999997,1.0026065539158635,0.990073458615341
components,first,final,wire_0_proxies.failures,0,0,,
components,first,final,wire_0_proxies.latency_mean_ms,148.0341720296849,149.48046147187384,0.97699701518843,0.990324558621589
components,first,final,wire_0_proxies.latency_p95_ms,335.6659599999148,337.8524689999267,0.6513943207147044,0.9935282136416401
components,first,final,wire_0_proxies.peak_in_flight,32,32,0.0,1.0
components,first,final,wire_0_proxies.requests,640,640,0.0,1.0
components,first,final,wire_0_proxies.requests_per_connection,26.666666666666668,26.666666666666668,0.0,1.0
components,first,final,wire_0_proxies.requests_per_second,213.44517583068713,211.37824290872555,-0.9683671293658769,1.009778361734486
components,first,final,wire_0_proxies.retries,0,0,,
components,first,final,wire_0_proxies.seconds,2.9984280389999185,3.027747753000085,0.9778361734485985,0.9903163287063412
components,first,final,wire_0_proxies.successes,640,640,0.0,1.0
components,first,final,wire_0_proxies.tcp_tls_connections,24,24,0.0,1.0
components,first,final,wire_0_proxies.timeouts,0,0,,
components,first,final,wire_1_proxies.client_count,1,1,0.0,1.0
components,first,final,wire_1_proxies.connect_tunnels,32,32,0.0,1.0
components,first,final,wire_1_proxies.cpu_seconds,3.6692772319999998,3.6660398800000005,-0.0882286018556,1.0008830651345777
components,first,final,wire_1_proxies.failures,0,0,,
components,first,final,wire_1_proxies.latency_mean_ms,181.40821394688302,181.00882014531265,-0.22016301956829798,1.0022064880664365
components,first,final,wire_1_proxies.latency_p95_ms,405.08588800003054,404.15744200004156,-0.2291973202455555,1.002297238411334
components,first,final,wire_1_proxies.peak_in_flight,32,32,0.0,1.0
components,first,final,wire_1_proxies.requests,640,640,0.0,1.0
components,first,final,wire_1_proxies.requests_per_connection,20.0,20.0,0.0,1.0
components,first,final,wire_1_proxies.requests_per_second,174.39708890144033,174.56068091823008,0.0938043277099565,0.9990628358234557
components,first,final,wire_1_proxies.retries,0,0,,
components,first,final,wire_1_proxies.seconds,3.6697860270001,3.666346835000013,-0.0937164176544214,1.0009380432770996
components,first,final,wire_1_proxies.successes,640,640,0.0,1.0
components,first,final,wire_1_proxies.tcp_tls_connections,32,32,0.0,1.0
components,first,final,wire_1_proxies.timeouts,0,0,,
components,first,final,wire_4_proxies.client_count,4,4,0.0,1.0
components,first,final,wire_4_proxies.connect_tunnels,32,32,0.0,1.0
components,first,final,wire_4_proxies.cpu_seconds,1.390266024999999,1.3717599930000013,-1.331114453436899,1.0134907214778335
components,first,final,wire_4_proxies.failures,0,0,,
components,first,final,wire_4_proxies.latency_mean_ms,68.47869885937925,67.54325586719325,-1.3660349974039754,1.0138495395310128
components,first,final,wire_4_proxies.latency_p95_ms,162.88480899993374,139.44368700003906,-14.391226624395781,1.1681045768668474
components,first,final,wire_4_proxies.peak_in_flight,32,32,0.0,1.0
components,first,final,wire_4_proxies.requests,640,640,0.0,1.0
components,first,final,wire_4_proxies.requests_per_connection,20.0,20.0,0.0,1.0
components,first,final,wire_4_proxies.requests_per_second,460.3347482506065,466.383015334438,1.313884538765886,0.9870315451357198
components,first,final,wire_4_proxies.retries,0,0,,
components,first,final,wire_4_proxies.seconds,1.3902926129999287,1.372262666000097,-1.296845486428022,1.0131388453876589
components,first,final,wire_4_proxies.successes,640,640,0.0,1.0
components,first,final,wire_4_proxies.tcp_tls_connections,32,32,0.0,1.0
components,first,final,wire_4_proxies.timeouts,0,0,,
