mode,stage,aggregate_seconds,denominator_wall_seconds,percent_of_wall,scope
worker,shared_queue_wait_seconds,6218.485798628965,218.08868194000001,2851.356495583654,Overlapping observed durations; not an additive CPU partition
worker,statistics_summary_seconds,0.0005070810000233905,218.08868194000001,0.00023251137817546043,Overlapping observed durations; not an additive CPU partition
worker,ScanStatistics.write_seconds,0.029565102999953297,218.08868194000001,0.013556459114227289,Overlapping observed durations; not an additive CPU partition
worker,WorkerApiClient.cache_saved_avatars.<locals>.take_seconds,0.17095838400000218,218.08868194000001,0.07838938842641811,Overlapping observed durations; not an additive CPU partition
worker,DurableScanState.claim_seconds,6.228561977000808,218.08868194000001,2.855976716258203,Overlapping observed durations; not an additive CPU partition
worker,profile_queue_wait_seconds,502625.09907776356,218.08868194000001,230468.21806921848,Overlapping observed durations; not an additive CPU partition
worker,inspect_reusable_export_seconds,0.29299935200062066,218.08868194000001,0.1343487197016624,Overlapping observed durations; not an additive CPU partition
worker,generator.close_seconds,7.419999974445091e-07,218.08868194000001,3.402285670416616e-07,Overlapping observed durations; not an additive CPU partition
worker,Path.mkdir_seconds,0.7194316890017944,218.08868194000001,0.32988034161246504,Overlapping observed durations; not an additive CPU partition
worker,open_user_store.<locals>.acquire_seconds,34.27410674000019,218.08868194000001,15.71567420882006,Overlapping observed durations; not an additive CPU partition
worker,UserStore.checkpoint_seconds,2.6755132970003217,218.08868194000001,1.226800617620497,Overlapping observed durations; not an additive CPU partition
worker,DurableScanState.summary_seconds,0.10619831599984764,218.08868194000001,0.04869501482386172,Overlapping observed durations; not an additive CPU partition
worker,WorkerApiClient.borrow_client.<locals>.trust_store_seconds,0.03075052100000164,218.08868194000001,0.01410000772459235,Overlapping observed durations; not an additive CPU partition
worker,atomic_write_json_seconds,36.45425105300082,218.08868194000001,16.715333748053013,Overlapping observed durations; not an additive CPU partition
worker,UserStore.save_checkpoint_seconds,19.963519124998214,218.08868194000001,9.153853811859218,Overlapping observed durations; not an additive CPU partition
worker,replay_committed_list.<locals>.<lambda>_seconds,2.715868630999509,218.08868194000001,1.2453047112947804,Overlapping observed durations; not an additive CPU partition
worker,AvatarReader.reference_seconds,0.020396447998706435,218.08868194000001,0.009352364284689406,Overlapping observed durations; not an additive CPU partition
worker,DurableScanState.register_profile_seconds,5.089566252000154,218.08868194000001,2.333714068390024,Overlapping observed durations; not an additive CPU partition
worker,UserStore.cursor_seen_seconds,1.2822819389971585,218.08868194000001,0.5879635419824016,Overlapping observed durations; not an additive CPU partition
worker,UserStore.commit_page_seconds,20.685575484000637,218.08868194000001,9.48493764096002,Overlapping observed durations; not an additive CPU partition
worker,DurableScanState.discover_seconds,14.411549409997235,218.08868194000001,6.608114314690619,Overlapping observed durations; not an additive CPU partition
worker,DurableScanState.snapshot_seconds,0.09007185900003378,218.08868194000001,0.04130056553086699,Overlapping observed durations; not an additive CPU partition
worker,write_final_json_seconds,24.707466529998797,218.08868194000001,11.32909159256428,Overlapping observed durations; not an additive CPU partition
worker,UserStore.close_seconds,10.83402937900189,218.08868194000001,4.96771739029654,Overlapping observed durations; not an additive CPU partition
worker,SuccessRecorder.reconcile_complete_lists_seconds,0.05442596500195407,218.08868194000001,0.024955886989553908,Overlapping observed durations; not an additive CPU partition
worker,DurableScanState.record_seconds,10.939103472000454,218.08868194000001,5.015896916195766,Overlapping observed durations; not an additive CPU partition
worker,DurableScanState.advance_phase_seconds,4.348000004483765e-06,218.08868194000001,1.993684388298507e-06,Overlapping observed durations; not an additive CPU partition
worker,AvatarCache.close_seconds,3.5769999726653623e-06,218.08868194000001,1.6401584625328962e-06,Overlapping observed durations; not an additive CPU partition
worker,DurableScanState.all_complete_seconds,7.536099997196288e-05,218.08868194000001,3.4555209056055463e-05,Overlapping observed durations; not an additive CPU partition
worker,DurableScanState.finalize_seconds,1.2037893930000223,218.08868194000001,0.5519724280470482,Overlapping observed durations; not an additive CPU partition
worker,SuccessRecorder.finalize_seconds,0.0017893170000320424,218.08868194000001,0.0008204538557962924,Overlapping observed durations; not an additive CPU partition
worker,state_lock_wait_seconds,0.06707640199738307,218.08868194000001,0.030756480070725064,Overlapping observed durations; not an additive CPU partition
worker,target_lock_wait_seconds,0.03316123600404808,218.08868194000001,0.015205390627823277,Overlapping observed durations; not an additive CPU partition
worker,mock_network_wait_seconds,46.316070378994496,218.08868194000001,21.237264569161297,Overlapping observed durations; not an additive CPU partition
worker,worker_connection_pool_wait_seconds,0.04327802699955896,218.08868194000001,0.019844233370838335,Overlapping observed durations; not an additive CPU partition
worker,report_seconds,6.242021227999999,225.30859020100002,2.770431976176066,Overlapping observed durations; not an additive CPU partition
worker,background_log_write_seconds,1.0538440269988456,225.30859020100002,0.4677336208347409,Overlapping observed durations; not an additive CPU partition
worker,process_cpu_seconds,207.032824439,225.30859020100002,91.88856237318957,Overlapping observed durations; not an additive CPU partition
direct,shared_queue_wait_seconds,6250.303776134027,279.40849445599997,2236.977006838387,Overlapping observed durations; not an additive CPU partition
direct,statistics_summary_seconds,0.0004403260001026865,279.40849445599997,0.00015759220239885266,Overlapping observed durations; not an additive CPU partition
direct,ScanStatistics.write_seconds,0.0398553820002121,279.40849445599997,0.014264198401630325,Overlapping observed durations; not an additive CPU partition
direct,load_session_seconds,1.0219999921901035e-06,279.40849445599997,3.657726992802803e-07,Overlapping observed durations; not an additive CPU partition
direct,WorkerApiClient.cache_saved_avatars.<locals>.take_seconds,0.18008651700000655,279.40849445599997,0.0644527709691252,Overlapping observed durations; not an additive CPU partition
direct,DurableScanState.claim_seconds,7.608651362997136,279.40849445599997,2.7231281489172168,Overlapping observed durations; not an additive CPU partition
direct,profile_queue_wait_seconds,646573.8434195615,279.40849445599997,231408.0839519291,Overlapping observed durations; not an additive CPU partition
direct,inspect_reusable_export_seconds,0.4889358260015797,279.40849445599997,0.17498960686700782,Overlapping observed durations; not an additive CPU partition
direct,generator.close_seconds,9.920000252350292e-07,279.40849445599997,3.550357433357292e-07,Overlapping observed durations; not an additive CPU partition
direct,Path.mkdir_seconds,0.8779116439965833,279.40849445599997,0.31420363425451725,Overlapping observed durations; not an additive CPU partition
direct,open_user_store.<locals>.acquire_seconds,42.27739551499951,279.40849445599997,15.1310344366274,Overlapping observed durations; not an additive CPU partition
direct,UserStore.checkpoint_seconds,9.66505088200222,279.40849445599997,3.4591113275993224,Overlapping observed durations; not an additive CPU partition
direct,DurableScanState.summary_seconds,0.2219188840004449,279.40849445599997,0.07942453017848093,Overlapping observed durations; not an additive CPU partition
direct,WorkerApiClient.borrow_client.<locals>.trust_store_seconds,0.03630930999997872,279.40849445599997,0.012995063042257133,Overlapping observed durations; not an additive CPU partition
direct,atomic_write_json_seconds,53.47786787700511,279.40849445599997,19.13967146243171,Overlapping observed durations; not an additive CPU partition
direct,DurableScanState.snapshot_seconds,0.12222150499957252,279.40849445599997,0.04374294533798414,Overlapping observed durations; not an additive CPU partition
direct,UserStore.save_checkpoint_seconds,28.972651691002625,279.40849445599997,10.369280915174578,Overlapping observed durations; not an additive CPU partition
direct,replay_committed_list.<locals>.<lambda>_seconds,3.1595183720104956,279.40849445599997,1.130788231102989,Overlapping observed durations; not an additive CPU partition
direct,AvatarReader.reference_seconds,0.020653799997205624,279.40849445599997,0.007391972830825333,Overlapping observed durations; not an additive CPU partition
direct,DurableScanState.register_profile_seconds,6.891109872000413,279.40849445599997,2.466320820137269,Overlapping observed durations; not an additive CPU partition
direct,UserStore.cursor_seen_seconds,1.3645265119994292,279.40849445599997,0.48836257274716066,Overlapping observed durations; not an additive CPU partition
direct,UserStore.commit_page_seconds,21.1843238629952,279.40849445599997,7.58184675245484,Overlapping observed durations; not an additive CPU partition
direct,DurableScanState.discover_seconds,16.081820374002405,279.40849445599997,5.755666235313723,Overlapping observed durations; not an additive CPU partition
direct,write_final_json_seconds,31.393834751005613,279.40849445599997,11.23581973129646,Overlapping observed durations; not an additive CPU partition
direct,UserStore.close_seconds,10.897230311005046,279.40849445599997,3.900107021521171,Overlapping observed durations; not an additive CPU partition
direct,SuccessRecorder.reconcile_complete_lists_seconds,0.06007672199194758,279.40849445599997,0.02150139426108543,Overlapping observed durations; not an additive CPU partition
direct,DurableScanState.record_seconds,12.919206487998508,279.40849445599997,4.623770123077976,Overlapping observed durations; not an additive CPU partition
direct,DurableScanState.advance_phase_seconds,4.769000042870175e-06,279.40849445599997,1.7068199920533112e-06,Overlapping observed durations; not an additive CPU partition
direct,AvatarCache.close_seconds,3.1959999660102767e-06,279.40849445599997,1.1438449544036925e-06,Overlapping observed durations; not an additive CPU partition
direct,DurableScanState.all_complete_seconds,7.748600000923034e-05,279.40849445599997,2.773215616085448e-05,Overlapping observed durations; not an additive CPU partition
direct,DurableScanState.finalize_seconds,1.182655402000023,279.40849445599997,0.4232710978607211,Overlapping observed durations; not an additive CPU partition
direct,SuccessRecorder.finalize_seconds,0.006361494999964634,279.40849445599997,0.0022767722263957206,Overlapping observed durations; not an additive CPU partition
direct,backend_routing_seconds,0.09355136499766559,279.40849445599997,0.03348193303135157,Overlapping observed durations; not an additive CPU partition
direct,proxy_selection_seconds,0.07561483401707392,279.40849445599997,0.027062467862436948,Overlapping observed durations; not an additive CPU partition
direct,direct_admission_wait_seconds,0.5206811020053692,279.40849445599997,0.18635120704512576,Overlapping observed durations; not an additive CPU partition
direct,signing_seconds,73.18323179898903,279.40849445599997,26.192200040830755,Overlapping observed durations; not an additive CPU partition
direct,json_parsing_seconds,0.6140420220007741,279.40849445599997,0.2197649800147614,Overlapping observed durations; not an additive CPU partition
direct,normalization_seconds,0.9024722389955286,279.40849445599997,0.3229938448194337,Overlapping observed durations; not an additive CPU partition
direct,state_lock_wait_seconds,0.07017554300659867,279.40849445599997,0.02511575145316479,Overlapping observed durations; not an additive CPU partition
direct,target_lock_wait_seconds,0.036730755021267214,279.40849445599997,0.013145897762622035,Overlapping observed durations; not an additive CPU partition
direct,mock_network_wait_seconds,58.192320498014794,279.40849445599997,20.82696899080091,Overlapping observed durations; not an additive CPU partition
direct,direct_connection_pool_wait_seconds,0.06611345800058643,279.40849445599997,0.02366193559337105,Overlapping observed durations; not an additive CPU partition
direct,report_seconds,6.2682027399999924,286.671500314,2.1865454825939237,Overlapping observed durations; not an additive CPU partition
direct,background_log_write_seconds,1.2109175599894684,286.671500314,0.42240597989793666,Overlapping observed durations; not an additive CPU partition
direct,process_cpu_seconds,279.946956823,286.671500314,97.65426856745982,Overlapping observed durations; not an additive CPU partition
hybrid,shared_queue_wait_seconds,6458.311773314043,245.63712016700003,2629.2083903781577,Overlapping observed durations; not an additive CPU partition
hybrid,statistics_summary_seconds,0.00041004899981089693,245.63712016700003,0.00016693283145972362,Overlapping observed durations; not an additive CPU partition
hybrid,ScanStatistics.write_seconds,0.035397350000039296,245.63712016700003,0.01441042378935801,Overlapping observed durations; not an additive CPU partition
hybrid,load_session_seconds,8.819999948173063e-07,245.63712016700003,3.5906624952192306e-07,Overlapping observed durations; not an additive CPU partition
hybrid,WorkerApiClient.cache_saved_avatars.<locals>.take_seconds,0.17395146299998032,245.63712016700003,0.07081643966584401,Overlapping observed durations; not an additive CPU partition
hybrid,DurableScanState.claim_seconds,6.968059790991674,245.63712016700003,2.8367291499974985,Overlapping observed durations; not an additive CPU partition
hybrid,profile_queue_wait_seconds,566373.2285260509,245.63712016700003,230573.14307422008,Overlapping observed durations; not an additive CPU partition
hybrid,inspect_reusable_export_seconds,0.38247315099999923,245.63712016700003,0.1557065767339925,Overlapping observed durations; not an additive CPU partition
hybrid,generator.close_seconds,8.519999710188131e-07,245.63712016700003,3.4685310202284097e-07,Overlapping observed durations; not an additive CPU partition
hybrid,Path.mkdir_seconds,0.8005437569916012,245.63712016700003,0.3259050409186281,Overlapping observed durations; not an additive CPU partition
hybrid,open_user_store.<locals>.acquire_seconds,35.17117811500452,245.63712016700003,14.318348175997535,Overlapping observed durations; not an additive CPU partition
hybrid,UserStore.checkpoint_seconds,5.957372534001479,245.63712016700003,2.4252737248960057,Overlapping observed durations; not an additive CPU partition
hybrid,DurableScanState.summary_seconds,0.14690224699995724,245.63712016700003,0.05980457957660616,Overlapping observed durations; not an additive CPU partition
hybrid,WorkerApiClient.borrow_client.<locals>.trust_store_seconds,0.0653603100000737,245.63712016700003,0.026608482445828027,Overlapping observed durations; not an additive CPU partition
hybrid,atomic_write_json_seconds,43.548498826008085,245.63712016700003,17.728793920235262,Overlapping observed durations; not an additive CPU partition
hybrid,UserStore.save_checkpoint_seconds,24.429891578993647,245.63712016700003,9.945521085080555,Overlapping observed durations; not an additive CPU partition
hybrid,replay_committed_list.<locals>.<lambda>_seconds,3.395857673002183,245.63712016700003,1.3824692581860019,Overlapping observed durations; not an additive CPU partition
hybrid,AvatarReader.reference_seconds,0.01947311199774049,245.63712016700003,0.007927593347659101,Overlapping observed durations; not an additive CPU partition
hybrid,DurableScanState.register_profile_seconds,5.997152295993601,245.63712016700003,2.4414682487387687,Overlapping observed durations; not an additive CPU partition
hybrid,UserStore.cursor_seen_seconds,1.3380098140094105,245.63712016700003,0.5447099416813488,Overlapping observed durations; not an additive CPU partition
hybrid,UserStore.commit_page_seconds,19.993783700006247,245.63712016700003,8.139561189454255,Overlapping observed durations; not an additive CPU partition
hybrid,DurableScanState.discover_seconds,20.621727775997897,245.63712016700003,8.395200107368915,Overlapping observed durations; not an additive CPU partition
hybrid,DurableScanState.snapshot_seconds,0.11638257200002045,245.63712016700003,0.047379879686301495,Overlapping observed durations; not an additive CPU partition
hybrid,write_final_json_seconds,28.13973525399831,245.63712016700003,11.45581548703514,Overlapping observed durations; not an additive CPU partition
hybrid,UserStore.close_seconds,10.649758001006944,245.63712016700003,4.33556540386345,Overlapping observed durations; not an additive CPU partition
hybrid,SuccessRecorder.reconcile_complete_lists_seconds,0.056401230993969875,245.63712016700003,0.02296120022723954,Overlapping observed durations; not an additive CPU partition
hybrid,DurableScanState.record_seconds,11.553572310996401,245.63712016700003,4.703512361300089,Overlapping observed durations; not an additive CPU partition
hybrid,DurableScanState.advance_phase_seconds,6.331999998110405e-06,245.63712016700003,2.577786286456013e-06,Overlapping observed durations; not an additive CPU partition
hybrid,AvatarCache.close_seconds,4.21799995820038e-06,245.63712016700003,1.7171671591544105e-06,Overlapping observed durations; not an additive CPU partition
hybrid,DurableScanState.all_complete_seconds,8.12729999779549e-05,245.63712016700003,3.308661163373852e-05,Overlapping observed durations; not an additive CPU partition
hybrid,DurableScanState.finalize_seconds,1.1887210249999498,245.63712016700003,0.4839337898896471,Overlapping observed durations; not an additive CPU partition
hybrid,SuccessRecorder.finalize_seconds,0.00182862099995873,245.63712016700003,0.000744440009195481,Overlapping observed durations; not an additive CPU partition
hybrid,backend_routing_seconds,0.6576835090024815,245.63712016700003,0.26774597770701175,Overlapping observed durations; not an additive CPU partition
hybrid,proxy_selection_seconds,0.06266266200043447,245.63712016700003,0.025510257553024693,Overlapping observed durations; not an additive CPU partition
hybrid,direct_admission_wait_seconds,0.24995388998740964,245.63712016700003,0.1017573768237776,Overlapping observed durations; not an additive CPU partition
hybrid,signing_seconds,30.069902809001405,245.63712016700003,12.24159556526226,Overlapping observed durations; not an additive CPU partition
hybrid,json_parsing_seconds,0.6691124780099926,245.63712016700003,0.2723987634910744,Overlapping observed durations; not an additive CPU partition
hybrid,normalization_seconds,0.702399794984558,245.63712016700003,0.28595018314293097,Overlapping observed durations; not an additive CPU partition
hybrid,worker_admission_wait_seconds,0.26322383198930766,245.63712016700003,0.10715963117070866,Overlapping observed durations; not an additive CPU partition
hybrid,state_lock_wait_seconds,0.06553408699664942,245.63712016700003,0.02667922785941111,Overlapping observed durations; not an additive CPU partition
hybrid,target_lock_wait_seconds,0.03343904000814746,245.63712016700003,0.01361318679579594,Overlapping observed durations; not an additive CPU partition
hybrid,mock_network_wait_seconds,50.93874810402701,245.63712016700003,20.73739834980786,Overlapping observed durations; not an additive CPU partition
hybrid,worker_connection_pool_wait_seconds,0.03202945899488441,245.63712016700003,0.013039339890122757,Overlapping observed durations; not an additive CPU partition
hybrid,direct_connection_pool_wait_seconds,0.029367978002824202,245.63712016700003,0.011955838752244752,Overlapping observed durations; not an additive CPU partition
hybrid,report_seconds,6.284100784999964,252.90393614799996,2.484777770055146,Overlapping observed durations; not an additive CPU partition
hybrid,background_log_write_seconds,1.1108221260002438,252.90393614799996,0.4392269028783277,Overlapping observed durations; not an additive CPU partition
hybrid,process_cpu_seconds,245.271862884,252.90393614799996,96.98222440494811,Overlapping observed durations; not an additive CPU partition
